FriendlyName,TypeName,EntityType,Category,,,
B_CTRG_Heli_Transport_01_sand_F,B_CTRG_Heli_Transport_01_sand_F,Vehicle - Aircraft,N/A,,,
B_CTRG_Heli_Transport_01_tropic_F,B_CTRG_Heli_Transport_01_tropic_F,Vehicle - Aircraft,N/A,,,
B_CTRG_LSV_01_light_F,B_CTRG_LSV_01_light_F,Vehicle - Military,N/A,,,
B_G_Boat_Transport_01_F,B_G_Boat_Transport_01_F,Vehicle - Watercraft,N/A,,,
B_G_engineer_F,B_G_engineer_F,Soldier,N/A,PLACEHOLDER,PLACEHOLDER,soldier
B_G_HMG_02_F,B_G_HMG_02_F,Vehicle - Armored,N/A,PLACEHOLDER,PLACEHOLDER,tankx
B_G_medic_F,B_G_medic_F,Soldier,N/A,PLACEHOLDER,PLACEHOLDER,soldier
B_G_Mortar_01_F,B_G_Mortar_01_F,Stationary,N/A,PLACEHOLDER,PLACEHOLDER,tankx
B_G_Offroad_01_repair_F,B_G_Offroad_01_repair_F,Vehicle - Civilian,N/A,,,
B_G_Quadbike_01_F,B_G_Quadbike_01_F,Vehicle - BikeMoto,N/A,,,
B_G_Soldier_AR_F,B_G_Soldier_AR_F,Soldier,N/A,PLACEHOLDER,PLACEHOLDER,soldier
B_G_Soldier_M_F,B_G_Soldier_M_F,Soldier,N/A,PLACEHOLDER,PLACEHOLDER,soldier
B_G_Story_Guerilla_01_F,B_G_Story_Guerilla_01_F,Soldier,N/A,PLACEHOLDER,PLACEHOLDER,soldier
B_G_Van_01_transport_F,B_G_Van_01_transport_F,Vehicle,N/A,PLACEHOLDER,PLACEHOLDER,carx
B_G_Van_02_transport_F,B_G_Van_02_transport_F,Vehicle,N/A,PLACEHOLDER,PLACEHOLDER,carx
B_G_Van_02_vehicle_F,B_G_Van_02_vehicle_F,Vehicle,N/A,PLACEHOLDER,PLACEHOLDER,carx
B_Lifeboat,B_Lifeboat,Vehicle - Watercraft,N/A,,,
B_Truck_01_cargo_F,B_Truck_01_cargo_F,Vehicle - Supply,N/A,,,
B_Truck_01_medical_F,B_Truck_01_medical_F,Vehicle - Support,N/A,,,
B_UGV_02_Science_F,B_UGV_02_Science_F,Vehicle ,N/A,,,
Box_East_AmmoOrd_F,Box_East_AmmoOrd_F,Loot,Crate - Weapons,PLACEHOLDER,PLACEHOLDER,thingx
Box_East_Wps_F,Box_East_Wps_F,Loot,Crate - Weapons,PLACEHOLDER,PLACEHOLDER,thingx
ModuleCreateDiaryRecord_F,ModuleCreateDiaryRecord_F,Blacklist,N/A,PLACEHOLDER,PLACEHOLDER,invisible
UCAV Sentinel,B_UAV_05_F,Vehicle - Aircraft,N/A,,,
B_CTRG_Soldier_2_arid_F ,B_CTRG_Soldier_2_arid_F ,Soldier,N/A,,,
B_CTRG_Soldier_2_F ,B_CTRG_Soldier_2_F ,Soldier,N/A,,,
B_CTRG_Soldier_3_arid_F ,B_CTRG_Soldier_3_arid_F ,Soldier,N/A,,,
B_CTRG_Soldier_3_F ,B_CTRG_Soldier_3_F ,Soldier,N/A,,,
B_CTRG_Soldier_arid_F ,B_CTRG_Soldier_arid_F ,Soldier,N/A,,,
B_CTRG_Soldier_F ,B_CTRG_Soldier_F ,Soldier,N/A,,,
B_CTRG_Soldier_urb_1_F ,B_CTRG_Soldier_urb_1_F ,Soldier,N/A,,,
B_CTRG_Soldier_urb_2_F ,B_CTRG_Soldier_urb_2_F ,Soldier,N/A,,,
B_CTRG_Soldier_urb_3_F ,B_CTRG_Soldier_urb_3_F ,Soldier,N/A,,,
 CRV-6e Bobcat,B_APC_Tracked_01_CRV_F,Vehicle - Support,N/A,,,
 HEMTT Ammo,B_Truck_01_ammo_F,Vehicle - Support,N/A,,,
 HEMTT Fuel,B_Truck_01_fuel_F,Vehicle - Support,N/A,,,
 HEMTT Repair,B_Truck_01_Repair_F,Vehicle - Support,N/A,,,
 Huron Ammo,B_Slingload_01_Ammo_F,Vehicle - Support,N/A,,,
 Huron Fuel,B_Slingload_01_Fuel_F,Vehicle - Support,N/A,,,
 Huron Repair,B_Slingload_01_Repair_F,Vehicle - Support,N/A,,,
 M977A4 Ammo,rhsusf_M977A4_AMMO_BKIT_usarmy_wd,Vehicle - Support,N/A,,,
 M977A4 Repair,rhsusf_M977A4_REPAIR_BKIT_usarmy_wd,Vehicle - Support,N/A,,,
 M978A4 Fuel,rhsusf_M978A4_BKIT_usarmy_wd,Vehicle - Support,N/A,,,
 Missile Cart (AGM-114),USAF_missileCart_W_AGM114,Vehicle - Support,N/A,,,
 Missile Cart (AGM-65 Mix),USAF_missileCart_AGMMix,Vehicle - Support,N/A,,,
 Missile Cart (AGM-65D),USAF_missileCart_AGM1,Vehicle - Support,N/A,,,
 Missile Cart (AGM-65E),USAF_missileCart_AGM2,Vehicle - Support,N/A,,,
 Missile Cart (AGM-65K),USAF_missileCart_AGM3,Vehicle - Support,N/A,,,
 Missile Cart (AIM-9M/AIM-120),USAF_missileCart_AA1,Vehicle - Support,N/A,,,
 Missile Cart (AIM-9X/AIM-120),USAF_missileCart_AA2,Vehicle - Support,N/A,,,
 Missile Cart (GBU12 Green),USAF_missileCart_GBU12_green,Vehicle - Support,N/A,,,
 Missile Cart (GBU12 Maritime),USAF_missileCart_GBU12_maritime,Vehicle - Support,N/A,,,
 Missile Cart (GBU12),USAF_missileCart_GBU12,Vehicle - Support,N/A,,,
 Missile Cart (GBU31),USAF_missileCart_Gbu31,Vehicle - Support,N/A,,,
 Missile Cart (GBU39),USAF_missileCart_GBU39,Vehicle - Support,N/A,,,
 Missile Cart (Mk82),USAF_missileCart_Mk82,Vehicle - Support,N/A,,,
 Towing Tractor,CUP_B_TowingTractor_NATO,Vehicle - Support,N/A,,,
2S9 Sochor,O_MBT_02_arty_F ,Vehicle - Support,N/A,,,
2S9 Sochor,O_T_MBT_02_arty_ghex_F ,Vehicle - Support,N/A,,,
A-10A (CAS),RHS_A10,Vehicle,N/A,,,
A-10C Thunderbolt II,USAF_A10,Vehicle,N/A,,,
A-143 Buzzard,I_Plane_Fighter_03_dynamicLoadout_F,Vehicle,N/A,,,
A-143 Buzzard (AA),I_Plane_Fighter_03_AA_F ,Vehicle - Aircraft,N/A,,,
A-143 Buzzard (CAS),I_Plane_Fighter_03_CAS_F ,Vehicle - Aircraft,N/A,,,
A-143 Buzzard (CAS),I_Plane_Fighter_03_dynamicLoadout_F ,Vehicle - Aircraft,N/A,,,
A-143 Buzzard (Cluster),I_Plane_Fighter_03_Cluster_F ,Vehicle - Aircraft,N/A,,,
A-149 Gryphon,I_Plane_Fighter_04_F,Vehicle,N/A,,,
A-149 Gryphon,I_Plane_Fighter_04_F ,Vehicle - Aircraft,N/A,,,
A-149 Gryphon (Cluster),I_Plane_Fighter_04_Cluster_F ,Vehicle - Aircraft,N/A,,,
A-164 Wipeout (CAS),B_Plane_CAS_01_dynamicLoadout_F,Vehicle - Aircraft,N/A,,,
A-164 Wipeout (CAS),B_Plane_CAS_01_dynamicLoadout_F ,Vehicle - Aircraft,N/A,,,
A-164 Wipeout (CAS),B_Plane_CAS_01_F ,Vehicle - Aircraft,N/A,,,
A-164 Wipeout (Cluster),B_Plane_CAS_01_Cluster_F ,Vehicle - Aircraft,N/A,,,
AA Specialist,B_soldier_AA_F,Soldier,N/A,,,
ACE_Box_82mm_Mo_HE,ACE_Box_82mm_Mo_HE,Vehicle - Support,N/A,,,
ACE_Box_82mm_Mo_Illum,ACE_Box_82mm_Mo_Illum,Vehicle - Support,N/A,,,
ACE_Box_82mm_Mo_Smoke,ACE_Box_82mm_Mo_Smoke,Vehicle - Support,N/A,,,
ACE_medicalSupplyCrate_advanced,ACE_medicalSupplyCrate_advanced,Vehicle - Support,N/A,,,
ACE_Track,ACE_Track,Vehicle - Support,N/A,,,
ACE_Wheel,ACE_Wheel,Vehicle - Support,N/A,,,
AFO,B_A_AlienDrone_01_combat_F ,Vehicle - Aircraft,N/A,,,
AFO,B_A_AlienDrone_01_scout_F ,Vehicle - Aircraft,N/A,,,
AFO,I_A_AlienDrone_01_combat_F ,Vehicle - Aircraft,N/A,,,
AFO,I_A_AlienDrone_01_scout_F ,Vehicle - Aircraft,N/A,,,
AFO,O_A_AlienDrone_01_combat_F ,Vehicle - Aircraft,N/A,,,
AFO,O_A_AlienDrone_01_scout_F ,Vehicle - Aircraft,N/A,,,
AFV-4 Gorgon,I_APC_Wheeled_03_cannon_F,Vehicle - APC,N/A,,,
AFV-4 Gorgon,B_APC_Wheeled_03_cannon_F ,Vehicle - Armored,N/A,,,
AFV-4 Gorgon,I_APC_Wheeled_03_cannon_F ,Vehicle - Armored,N/A,,,
AH-1Z (Multi-Role),RHS_AH1Z,Vehicle,N/A,,,
AH-64D (Multi-Role),RHS_AH64D_wd,Vehicle,N/A,,,
AH-6M Pawnee,RHS_MELB_AH6M,Vehicle,N/A,,,
AH-9 Pawnee,B_Heli_Light_01_dynamicLoadout_F,Vehicle,N/A,,,
AH-9 Pawnee,B_Heli_Light_01_armed_F ,Vehicle - Aircraft,N/A,,,
AH-9 Pawnee,B_Heli_Light_01_dynamicLoadout_F ,Vehicle - Aircraft,N/A,,,
AH-99 Blackfoot,B_Heli_Attack_01_dynamicLoadout_F,Vehicle - Aircraft,N/A,,,
AH-99 Blackfoot,B_Heli_Attack_01_dynamicLoadout_F ,Vehicle - Aircraft,N/A,,,
AH-99 Blackfoot,B_Heli_Attack_01_F ,Vehicle - Aircraft,N/A,,,
AI,B_A_UAV_AI_F ,Soldier,N/A,,,
AI,B_UAV_AI ,Soldier,N/A,,,
AI,B_UAV_AI_F ,Soldier,N/A,,,
AI,C_UAV_AI_F ,Soldier,N/A,,,
AI,I_A_UAV_AI_F ,Soldier,N/A,,,
AI,I_UAV_AI ,Soldier,N/A,,,
AI,I_UAV_AI_F ,Soldier,N/A,,,
AI,O_A_UAV_AI_F ,Soldier,N/A,,,
AI,O_UAV_AI ,Soldier,N/A,,,
AI,O_UAV_AI_F ,Soldier,N/A,,,
Akhanteros,I_Story_Colonel_F ,Soldier,N/A,,,
Akinaka ED-1D,O_UGV_02_Demining_F ,Vehicle - Aircraft,N/A,,,
AL-6 Pelican,B_UAV_06_F ,Vehicle - Aircraft,N/A,,,
AL-6 Pelican,I_E_UAV_06_F ,Vehicle - Aircraft,N/A,,,
AL-6 Pelican,I_UAV_06_F ,Vehicle - Aircraft,N/A,,,
AL-6 Pelican (Cargo),B_UAV_06_F,Vehicle,N/A,,,
AL-6 Pelican (Medical),B_UAV_06_medical_F ,Vehicle - Aircraft,N/A,,,
AL-6 Pelican (Medical),I_E_UAV_06_medical_F ,Vehicle - Aircraft,N/A,,,
AL-6 Pelican (Medical),I_UAV_06_medical_F ,Vehicle - Aircraft,N/A,,,
Alexis Kouris,B_G_Story_Guerilla_01_F ,Soldier,N/A,,,
Alien Entity (Small),B_A_AlienDrone_01_F ,Vehicle - Aircraft,N/A,,,
Alien Entity (Small),I_A_AlienDrone_01_F ,Vehicle - Aircraft,N/A,,,
Alien Entity (Small),O_A_AlienDrone_01_F ,Vehicle - Aircraft,N/A,,,
Alsatian_Random_F,Alsatian_Random_F,Unknown,N/A,,,
Ammo Bearer,B_G_Soldier_A_F ,Soldier,N/A,,,
Ammo Bearer,B_Patrol_Soldier_A_F ,Soldier,N/A,,,
Ammo Bearer,B_Soldier_A_F ,Soldier,N/A,,,
Ammo Bearer,B_T_Soldier_A_F ,Soldier,N/A,,,
Ammo Bearer,B_W_Soldier_A_EMP_F ,Soldier,N/A,,,
Ammo Bearer,B_W_Soldier_A_F ,Soldier,N/A,,,
Ammo Bearer,I_E_Soldier_A_F ,Soldier,N/A,,,
Ammo Bearer,I_G_Soldier_A_F ,Soldier,N/A,,,
Ammo Bearer,I_Soldier_A_F ,Soldier,N/A,,,
Ammo Bearer,O_A_soldier_A_F ,Soldier,N/A,,,
Ammo Bearer,O_G_Soldier_A_F ,Soldier,N/A,,,
Ammo Bearer,O_R_Patrol_Soldier_A_F ,Soldier,N/A,,,
Ammo Bearer,O_Soldier_A_F ,Soldier,N/A,,,
Ammo Bearer,O_soldierU_A_F ,Soldier,N/A,,,
Ammo Bearer,O_T_Soldier_A_F ,Soldier,N/A,,,
AMV-7 Marshall,B_APC_Wheeled_01_cannon_F,Vehicle,N/A,,,
AMV-7 Marshall,B_APC_Wheeled_01_cannon_F ,Vehicle - Armored,N/A,,,
AMV-7 Marshall,B_T_APC_Wheeled_01_cannon_F ,Vehicle - Armored,N/A,,,
AN/MPQ-105 Radar,B_Radar_System_01_F ,Stationary,N/A,,,
AN/MPQ-105 Radar,I_E_Radar_System_01_F ,Stationary,N/A,,,
Čapek,C_Story_Scientist_02_F ,Soldier,N/A,,,
APERSBoundingMine_Range_Ammo,APERSBoundingMine_Range_Ammo,Unknown,N/A,,,
APERSMine_Range_Ammo,APERSMine_Range_Ammo,Unknown,N/A,,,
APERSTripMine_Wire_Ammo,APERSTripMine_Wire_Ammo,Unknown,N/A,,,
AR-2 Darter,B_UAV_01_F,Vehicle,N/A,,,
AR-2 Darter,B_UAV_01_F ,Vehicle - Aircraft,N/A,,,
AR-2 Darter,I_E_UAV_01_F ,Vehicle - Aircraft,N/A,,,
AR-2 Darter,I_UAV_01_F ,Vehicle - Aircraft,N/A,,,
Arsenal_typename,Arsenal_typename,Vehicle - Support,N/A,,,
ArtilleryTarget,ArtilleryTargetE ,Unknown,N/A,,,
ArtilleryTarget,ArtilleryTargetW ,Unknown,N/A,,,
Assault Boat,B_Boat_Transport_01_F,Vehicle,N/A,,,
Assault Boat,B_Boat_Transport_01_F ,Vehicle - Watercraft,N/A,,,
Assault Boat,B_G_Boat_Transport_01_F ,Vehicle - Watercraft,N/A,,,
Assault Boat,B_T_Boat_Transport_01_F ,Vehicle - Watercraft,N/A,,,
Assault Boat,I_Boat_Transport_01_F ,Vehicle - Watercraft,N/A,,,
Assault Boat,I_C_Boat_Transport_01_F ,Vehicle - Watercraft,N/A,,,
Assault Boat,I_G_Boat_Transport_01_F ,Vehicle - Watercraft,N/A,,,
Assault Boat,O_Boat_Transport_01_F ,Vehicle - Watercraft,N/A,,,
Assault Boat,O_G_Boat_Transport_01_F ,Vehicle - Watercraft,N/A,,,
Assault Boat,O_T_Boat_Transport_01_F ,Vehicle - Watercraft,N/A,,,
Assault Diver,B_diver_F ,Soldier,N/A,,,
Assault Diver,B_T_Diver_F ,Soldier,N/A,,,
Assault Diver,I_diver_F ,Soldier,N/A,,,
Assault Diver,O_diver_F ,Soldier,N/A,,,
Assault Diver,O_T_Diver_F ,Soldier,N/A,,,
Asst. Autorifleman,B_soldier_AAR_F ,Soldier,N/A,,,
Asst. Autorifleman,B_T_Soldier_AAR_F ,Soldier,N/A,,,
Asst. Autorifleman,B_W_Soldier_AAR_F ,Soldier,N/A,,,
Asst. Autorifleman,I_E_Soldier_AAR_F ,Soldier,N/A,,,
Asst. Autorifleman,I_Soldier_AAR_F ,Soldier,N/A,,,
Asst. Autorifleman,O_Soldier_AAR_F ,Soldier,N/A,,,
Asst. Autorifleman,O_soldierU_AAR_F ,Soldier,N/A,,,
Asst. Autorifleman,O_T_Soldier_AAR_F ,Soldier,N/A,,,
Asst. Gunner (HMG/GMG),B_support_AMG_F ,Soldier,N/A,,,
Asst. Gunner (HMG/GMG),B_T_Support_AMG_F ,Soldier,N/A,,,
Asst. Gunner (HMG/GMG),B_W_Support_AMG_F ,Soldier,N/A,,,
Asst. Gunner (HMG/GMG),I_E_Support_AMG_F ,Soldier,N/A,,,
Asst. Gunner (HMG/GMG),I_support_AMG_F ,Soldier,N/A,,,
Asst. Gunner (HMG/GMG),O_support_AMG_F ,Soldier,N/A,,,
Asst. Gunner (HMG/GMG),O_T_Support_AMG_F ,Soldier,N/A,,,
Asst. Gunner (Mk6),B_support_AMort_F ,Soldier,N/A,,,
Asst. Gunner (Mk6),B_T_Support_AMort_F ,Soldier,N/A,,,
Asst. Gunner (Mk6),B_W_Support_AMort_F ,Soldier,N/A,,,
Asst. Gunner (Mk6),I_E_Support_AMort_F ,Soldier,N/A,,,
Asst. Gunner (Mk6),I_support_AMort_F ,Soldier,N/A,,,
Asst. Gunner (Mk6),O_support_AMort_F ,Soldier,N/A,,,
Asst. Gunner (Mk6),O_T_Support_AMort_F ,Soldier,N/A,,,
Asst. Heavy AT,O_Soldier_AHAT_F ,Soldier,N/A,,,
Asst. Heavy AT,O_T_Soldier_AHAT_F ,Soldier,N/A,,,
Asst. Missile Specialist (AA),B_soldier_AAA_F ,Soldier,N/A,,,
Asst. Missile Specialist (AA),B_T_Soldier_AAA_F ,Soldier,N/A,,,
Asst. Missile Specialist (AA),B_W_Soldier_AAA_F ,Soldier,N/A,,,
Asst. Missile Specialist (AA),I_E_Soldier_AAA_F ,Soldier,N/A,,,
Asst. Missile Specialist (AA),I_Soldier_AAA_F ,Soldier,N/A,,,
Asst. Missile Specialist (AA),O_Soldier_AAA_F ,Soldier,N/A,,,
Asst. Missile Specialist (AA),O_soldierU_AAA_F ,Soldier,N/A,,,
Asst. Missile Specialist (AA),O_T_Soldier_AAA_F ,Soldier,N/A,,,
Asst. Missile Specialist (AT),B_soldier_AAT_F ,Soldier,N/A,,,
Asst. Missile Specialist (AT),B_T_Soldier_AAT_F ,Soldier,N/A,,,
Asst. Missile Specialist (AT),B_W_Soldier_AAT_F ,Soldier,N/A,,,
Asst. Missile Specialist (AT),I_E_Soldier_AAT_F ,Soldier,N/A,,,
Asst. Missile Specialist (AT),I_Soldier_AAT_F ,Soldier,N/A,,,
Asst. Missile Specialist (AT),O_Soldier_AAT_F ,Soldier,N/A,,,
Asst. Missile Specialist (AT),O_soldierU_AAT_F ,Soldier,N/A,,,
Asst. Missile Specialist (AT),O_T_Soldier_AAT_F ,Soldier,N/A,,,
AT Specialist,B_soldier_AT_F,Soldier,N/A,,,
ATMine_Range_Ammo,ATMine_Range_Ammo,Unknown,N/A,,,
Attar,O_Story_CEO_F ,Soldier,N/A,,,
Autorifleman,B_CombatFatigues_01_Tshirt_wdl_F ,Soldier,N/A,,,
Autorifleman,B_CTRG_Soldier_AR_tna_F ,Soldier,N/A,,,
Autorifleman,B_G_Soldier_AR_F ,Soldier,N/A,,,
Autorifleman,B_Patrol_Soldier_AR_F ,Soldier,N/A,,,
Autorifleman,B_soldier_AR_F,Soldier,N/A,,,
Autorifleman,B_soldier_AR_F ,Soldier,N/A,,,
Autorifleman,B_T_Soldier_AR_F ,Soldier,N/A,,,
Autorifleman,B_W_Soldier_AR_EMP_F ,Soldier,N/A,,,
Autorifleman,B_W_Soldier_AR_F ,Soldier,N/A,,,
Autorifleman,I_E_Soldier_AR_EMP_F ,Soldier,N/A,,,
Autorifleman,I_E_Soldier_AR_F ,Soldier,N/A,,,
Autorifleman,I_G_Soldier_AR_F ,Soldier,N/A,,,
Autorifleman,I_Soldier_AR_F ,Soldier,N/A,,,
Autorifleman,O_A_soldier_AR_F ,Soldier,N/A,,,
Autorifleman,O_G_Soldier_AR_F ,Soldier,N/A,,,
Autorifleman,O_R_Patrol_Soldier_AR_F ,Soldier,N/A,,,
Autorifleman,O_R_Patrol_Soldier_AR2_F ,Soldier,N/A,,,
Autorifleman,O_R_Soldier_AR_F ,Soldier,N/A,,,
Autorifleman,O_Soldier_AR_F ,Soldier,N/A,,,
Autorifleman,O_soldierU_AR_F ,Soldier,N/A,,,
Autorifleman,O_T_Soldier_AR_F ,Soldier,N/A,,,
AWC 301 Nyx (AT),I_LT_01_AT_F ,Vehicle - Armored,N/A,,,
AWC 302 Nyx (AA),I_LT_01_AA_F,Vehicle,N/A,,,
AWC 302 Nyx (AA),I_LT_01_scout_F,Vehicle,N/A,,,
AWC 302 Nyx (AA),I_LT_01_AA_F ,Vehicle - Military,N/A,,,
AWC 302 Nyx (AT),I_LT_01_AT_F,Vehicle,N/A,,,
AWC 302 Nyx (Cannon),I_LT_01_cannon_F,Vehicle,N/A,,,
AWC 303 Nyx (Recon),I_LT_01_scout_F ,Vehicle - Armored,N/A,,,
AWC 304 Nyx (Autocannon),I_LT_01_cannon_F ,Vehicle - Armored,N/A,,,
B_G_Van_01_fuel_F,B_G_Van_01_fuel_F,Vehicle,N/A,,,
B_Soldier_TL_F,B_Soldier_TL_F,Soldier,N/A,,,
B_supplyCrate_F,B_supplyCrate_F,Loot,Crate,,,
B_T_LSV_01_unarmed_F,B_T_LSV_01_unarmed_F,Vehicle - Military,N/A,,,
B_Truck_01_mover_F,B_Truck_01_mover_F,Vehicle - Military,N/A,,,
Beggar,C_man_p_beggar_F ,Soldier,N/A,,,
Beggar,C_man_p_beggar_F_afro ,Soldier,N/A,,,
Beggar,C_man_p_beggar_F_afro_sick ,Soldier,N/A,,,
Beggar,C_man_p_beggar_F_asia ,Soldier,N/A,,,
Beggar,C_man_p_beggar_F_euro ,Soldier,N/A,,,
Box_NATO_WpsSpecial_F,Box_NATO_WpsSpecial_F,Loot,Weapon Crate,,,
BTR-K Kamysh,O_APC_Tracked_02_cannon_F ,Vehicle - Armored,N/A,,,
BTR-K Kamysh,O_T_APC_Tracked_02_cannon_ghex_F ,Vehicle - Armored,N/A,,,
BWA3_Flag_Ger_F,BWA3_Flag_Ger_F,Blacklist,N/A,,,
C_Boat_Civil_04_F,C_Boat_Civil_04_F,Unknown,N/A,,,
C_Heli_light_01_red_F,C_Heli_light_01_red_F,Unknown,N/A,,,
C_man_1,C_man_1,Soldier,N/A,,,
C_Van_01_transport_F,C_Van_01_transport_F,Unknown,N/A,,,
C-130J Super Hercules,USAF_C130J,Vehicle,N/A,,,
C-130J Super Hercules (Cargo),USAF_C130J_Cargo,Vehicle,N/A,,,
C-17 Globemaster III,USAF_C17,Vehicle,N/A,,,
Caesar BTT,C_Plane_Civil_01_F ,Vehicle - Aircraft,N/A,,,
Caesar BTT,I_C_Plane_Civil_01_F ,Vehicle - Aircraft,N/A,,,
Caesar BTT (Racing),C_Plane_Civil_01_racing_F ,Vehicle - Aircraft,N/A,,,
CamoNet_BLUFOR_big_F,CamoNet_BLUFOR_big_F,Blacklist,N/A,,,
CamoNet_BLUFOR_F,CamoNet_BLUFOR_F,Blacklist,N/A,,,
CamoNet_BLUFOR_open_F,CamoNet_BLUFOR_open_F,Blacklist,N/A,,,
Cargo Parachute,B_Parachute_02_F ,Vehicle - Aircraft,N/A,,,
Cargo Parachute,I_Parachute_02_F ,Vehicle - Aircraft,N/A,,,
Cargo Parachute,O_Parachute_02_F ,Vehicle - Aircraft,N/A,,,
CBRN Specialist,B_W_Soldier_CBRN_EMP_F ,Soldier,N/A,,,
CBRN Specialist,B_W_Soldier_CBRN_F ,Soldier,N/A,,,
CBRN Specialist,I_E_Soldier_CBRN_EMP_F ,Soldier,N/A,,,
CBRN Specialist,I_E_Soldier_CBRN_F ,Soldier,N/A,,,
CH-47 Chinook (Armed),RHS_CH_47F,Vehicle,N/A,,,
CH-49 Mohawk,I_Heli_Transport_02_F,Vehicle,N/A,,,
CH-49 Mohawk,I_Heli_Transport_02_F ,Vehicle - Aircraft,N/A,,,
CH-53E Super Stallion,rhsusf_CH53E_USMC,Vehicle,N/A,,,
CH-53E Super Stallion (GAU-21),rhsusf_CH53E_USMC_GAU21_D,Vehicle,N/A,,,
CH-67 Huron,B_Heli_Transport_03_F ,Vehicle - Aircraft,N/A,,,
CH-67 Huron (Armed),B_Heli_Transport_03_F,Vehicle - Aircraft,N/A,,,
CH-67 Huron (Black),B_Heli_Transport_03_black_F ,Vehicle - Aircraft,N/A,,,
CH-67 Huron (Unarmed),B_Heli_Transport_03_unarmed_F ,Vehicle - Aircraft,N/A,,,
CH-67 Huron Unarmed (Green),B_Heli_Transport_03_unarmed_green_F ,Vehicle - Aircraft,N/A,,,
Civilian,C_E_LooterJacket_01_F ,Soldier,N/A,,,
Civilian,C_man_1 ,Soldier,N/A,,,
Civilian,C_Uniform_Farmer_01_F ,Soldier,N/A,,,
Civilian,C_Uniform_Scientist_01_F ,Soldier,N/A,,,
Civilian,C_Uniform_Scientist_01_formal_F ,Soldier,N/A,,,
Civilian,C_Uniform_Scientist_02_F ,Soldier,N/A,,,
Civilian,C_Uniform_Scientist_02_formal_F ,Soldier,N/A,,,
Civilian (Casual) 1,C_Man_casual_1_F ,Soldier,N/A,,,
Civilian (Casual) 1,C_Man_casual_1_F_afro ,Soldier,N/A,,,
Civilian (Casual) 1,C_Man_casual_1_F_afro_sick ,Soldier,N/A,,,
Civilian (Casual) 1,C_Man_casual_1_F_asia ,Soldier,N/A,,,
Civilian (Casual) 1,C_Man_casual_1_F_euro ,Soldier,N/A,,,
Civilian (Casual) 1,C_Man_casual_1_F_tanoan ,Soldier,N/A,,,
Civilian (Casual) 1,CivilianPresence_C_Man_casual_1_F_euro ,Soldier,N/A,,,
Civilian (Casual) 1,CivilianPresence_C_Man_casual_1_F_tanoan ,Soldier,N/A,,,
Civilian (Casual) 2,C_Man_casual_2_F ,Soldier,N/A,,,
Civilian (Casual) 2,C_Man_casual_2_F_afro ,Soldier,N/A,,,
Civilian (Casual) 2,C_Man_casual_2_F_asia ,Soldier,N/A,,,
Civilian (Casual) 2,C_Man_casual_2_F_euro ,Soldier,N/A,,,
Civilian (Casual) 2,C_Man_casual_2_F_tanoan ,Soldier,N/A,,,
Civilian (Casual) 2,CivilianPresence_C_Man_casual_2_F_euro ,Soldier,N/A,,,
Civilian (Casual) 2,CivilianPresence_C_Man_casual_2_F_tanoan ,Soldier,N/A,,,
Civilian (Casual) 3,C_Man_casual_3_F ,Soldier,N/A,,,
Civilian (Casual) 3,C_Man_casual_3_F_afro ,Soldier,N/A,,,
Civilian (Casual) 3,C_Man_casual_3_F_afro_sick ,Soldier,N/A,,,
Civilian (Casual) 3,C_Man_casual_3_F_asia ,Soldier,N/A,,,
Civilian (Casual) 3,C_Man_casual_3_F_euro ,Soldier,N/A,,,
Civilian (Casual) 3,C_Man_casual_3_F_tanoan ,Soldier,N/A,,,
Civilian (Casual) 3,CivilianPresence_C_Man_casual_3_F_euro ,Soldier,N/A,,,
Civilian (Casual) 3,CivilianPresence_C_Man_casual_3_F_tanoan ,Soldier,N/A,,,
Civilian (Sport) 1,C_man_sport_1_F ,Soldier,N/A,,,
Civilian (Sport) 1,C_man_sport_1_F_afro ,Soldier,N/A,,,
Civilian (Sport) 1,C_man_sport_1_F_asia ,Soldier,N/A,,,
Civilian (Sport) 1,C_man_sport_1_F_euro ,Soldier,N/A,,,
Civilian (Sport) 1,C_man_sport_1_F_tanoan ,Soldier,N/A,,,
Civilian (Sport) 2,C_man_sport_2_F ,Soldier,N/A,,,
Civilian (Sport) 2,C_man_sport_2_F_afro ,Soldier,N/A,,,
Civilian (Sport) 2,C_man_sport_2_F_afro_sick ,Soldier,N/A,,,
Civilian (Sport) 2,C_man_sport_2_F_asia ,Soldier,N/A,,,
Civilian (Sport) 2,C_man_sport_2_F_euro ,Soldier,N/A,,,
Civilian (Sport) 2,C_man_sport_2_F_tanoan ,Soldier,N/A,,,
Civilian (Sport) 3,C_man_sport_3_F ,Soldier,N/A,,,
Civilian (Sport) 3,C_man_sport_3_F_afro ,Soldier,N/A,,,
Civilian (Sport) 3,C_man_sport_3_F_asia ,Soldier,N/A,,,
Civilian (Sport) 3,C_man_sport_3_F_euro ,Soldier,N/A,,,
Civilian (Sport) 3,C_man_sport_3_F_tanoan ,Soldier,N/A,,,
Civilian (Summer) 1,C_Man_casual_4_F ,Soldier,N/A,,,
Civilian (Summer) 1,C_Man_casual_4_F_afro ,Soldier,N/A,,,
Civilian (Summer) 1,C_Man_casual_4_F_afro_sick ,Soldier,N/A,,,
Civilian (Summer) 1,C_Man_casual_4_F_asia ,Soldier,N/A,,,
Civilian (Summer) 1,C_Man_casual_4_F_euro ,Soldier,N/A,,,
Civilian (Summer) 1,C_Man_casual_4_F_tanoan ,Soldier,N/A,,,
Civilian (Summer) 1,CivilianPresence_C_Man_casual_4_F_euro ,Soldier,N/A,,,
Civilian (Summer) 1,CivilianPresence_C_Man_casual_4_F_tanoan ,Soldier,N/A,,,
Civilian (Summer) 2,C_Man_casual_5_F ,Soldier,N/A,,,
Civilian (Summer) 2,C_Man_casual_5_F_afro ,Soldier,N/A,,,
Civilian (Summer) 2,C_Man_casual_5_F_afro_sick ,Soldier,N/A,,,
Civilian (Summer) 2,C_Man_casual_5_F_asia ,Soldier,N/A,,,
Civilian (Summer) 2,C_Man_casual_5_F_euro ,Soldier,N/A,,,
Civilian (Summer) 2,C_Man_casual_5_F_tanoan ,Soldier,N/A,,,
Civilian (Summer) 2,CivilianPresence_C_Man_casual_5_F_euro ,Soldier,N/A,,,
Civilian (Summer) 2,CivilianPresence_C_Man_casual_5_F_tanoan ,Soldier,N/A,,,
Civilian (Summer) 3,C_Man_casual_6_F ,Soldier,N/A,,,
Civilian (Summer) 3,C_Man_casual_6_F_afro ,Soldier,N/A,,,
Civilian (Summer) 3,C_Man_casual_6_F_afro_sick ,Soldier,N/A,,,
Civilian (Summer) 3,C_Man_casual_6_F_asia ,Soldier,N/A,,,
Civilian (Summer) 3,C_Man_casual_6_F_euro ,Soldier,N/A,,,
Civilian (Summer) 3,C_Man_casual_6_F_tanoan ,Soldier,N/A,,,
Civilian (Summer) 3,CivilianPresence_C_Man_casual_6_F_euro ,Soldier,N/A,,,
Civilian (Summer) 3,CivilianPresence_C_Man_casual_6_F_tanoan ,Soldier,N/A,,,
Civilian 1,C_Man_1_enoch_F ,Soldier,N/A,,,
Civilian 1,C_man_polo_1_F ,Soldier,N/A,,,
Civilian 1,C_man_polo_1_F_afro ,Soldier,N/A,,,
Civilian 1,C_man_polo_1_F_afro_sick ,Soldier,N/A,,,
Civilian 1,C_man_polo_1_F_asia ,Soldier,N/A,,,
Civilian 1,C_man_polo_1_F_euro ,Soldier,N/A,,,
Civilian 1,CivilianPresence_C_Man_1_enoch_F ,Soldier,N/A,,,
Civilian 1,CivilianPresence_C_man_polo_1_F_euro ,Soldier,N/A,,,
Civilian 2,C_Man_2_enoch_F ,Soldier,N/A,,,
Civilian 2,C_man_polo_2_F ,Soldier,N/A,,,
Civilian 2,C_man_polo_2_F_afro ,Soldier,N/A,,,
Civilian 2,C_man_polo_2_F_afro_sick ,Soldier,N/A,,,
Civilian 2,C_man_polo_2_F_asia ,Soldier,N/A,,,
Civilian 2,C_man_polo_2_F_euro ,Soldier,N/A,,,
Civilian 2,CivilianPresence_C_Man_2_enoch_F ,Soldier,N/A,,,
Civilian 2,CivilianPresence_C_man_polo_2_F_euro ,Soldier,N/A,,,
Civilian 3,C_Man_3_enoch_F ,Soldier,N/A,,,
Civilian 3,C_man_polo_3_F ,Soldier,N/A,,,
Civilian 3,C_man_polo_3_F_afro ,Soldier,N/A,,,
Civilian 3,C_man_polo_3_F_afro_sick ,Soldier,N/A,,,
Civilian 3,C_man_polo_3_F_asia ,Soldier,N/A,,,
Civilian 3,C_man_polo_3_F_euro ,Soldier,N/A,,,
Civilian 3,CivilianPresence_C_Man_3_enoch_F ,Soldier,N/A,,,
Civilian 3,CivilianPresence_C_man_polo_3_F_euro ,Soldier,N/A,,,
Civilian 4,C_Man_4_enoch_F ,Soldier,N/A,,,
Civilian 4,C_man_polo_4_F ,Soldier,N/A,,,
Civilian 4,C_man_polo_4_F_afro ,Soldier,N/A,,,
Civilian 4,C_man_polo_4_F_asia ,Soldier,N/A,,,
Civilian 4,C_man_polo_4_F_euro ,Soldier,N/A,,,
Civilian 4,CivilianPresence_C_Man_4_enoch_F ,Soldier,N/A,,,
Civilian 4,CivilianPresence_C_man_polo_4_F_euro ,Soldier,N/A,,,
Civilian 5,C_Man_5_enoch_F ,Soldier,N/A,,,
Civilian 5,C_man_polo_5_F ,Soldier,N/A,,,
Civilian 5,C_man_polo_5_F_afro ,Soldier,N/A,,,
Civilian 5,C_man_polo_5_F_asia ,Soldier,N/A,,,
Civilian 5,C_man_polo_5_F_euro ,Soldier,N/A,,,
Civilian 5,CivilianPresence_C_Man_5_enoch_F ,Soldier,N/A,,,
Civilian 5,CivilianPresence_C_man_polo_5_F_euro ,Soldier,N/A,,,
Civilian 6,C_Man_6_enoch_F ,Soldier,N/A,,,
Civilian 6,C_man_polo_6_F ,Soldier,N/A,,,
Civilian 6,C_man_polo_6_F_afro ,Soldier,N/A,,,
Civilian 6,C_man_polo_6_F_afro_sick ,Soldier,N/A,,,
Civilian 6,C_man_polo_6_F_asia ,Soldier,N/A,,,
Civilian 6,C_man_polo_6_F_euro ,Soldier,N/A,,,
Civilian 6,CivilianPresence_C_Man_6_enoch_F ,Soldier,N/A,,,
Civilian 6,CivilianPresence_C_man_polo_6_F_euro ,Soldier,N/A,,,
Combat Life Saver,B_G_medic_F ,Soldier,N/A,,,
Combat Life Saver,B_medic_F,Soldier,N/A,,,
Combat Life Saver,B_medic_F ,Soldier,N/A,,,
Combat Life Saver,B_Patrol_Medic_F ,Soldier,N/A,,,
Combat Life Saver,B_T_Medic_F ,Soldier,N/A,,,
Combat Life Saver,B_W_Medic_EMP_F ,Soldier,N/A,,,
Combat Life Saver,B_W_Medic_F ,Soldier,N/A,,,
Combat Life Saver,I_E_Medic_EMP_F ,Soldier,N/A,,,
Combat Life Saver,I_E_Medic_F ,Soldier,N/A,,,
Combat Life Saver,I_G_medic_F ,Soldier,N/A,,,
Combat Life Saver,I_medic_F ,Soldier,N/A,,,
Combat Life Saver,O_A_medic_F ,Soldier,N/A,,,
Combat Life Saver,O_G_medic_F ,Soldier,N/A,,,
Combat Life Saver,O_medic_F ,Soldier,N/A,,,
Combat Life Saver,O_R_medic_F ,Soldier,N/A,,,
Combat Life Saver,O_R_Patrol_Soldier_Medic ,Soldier,N/A,,,
Combat Life Saver,O_soldierU_medic_F ,Soldier,N/A,,,
Combat Life Saver,O_T_Medic_F ,Soldier,N/A,,,
Commoner (shorts),C_man_shorts_1_F ,Soldier,N/A,,,
Commoner (shorts),C_man_shorts_1_F_afro ,Soldier,N/A,,,
Commoner (shorts),C_man_shorts_1_F_asia ,Soldier,N/A,,,
Commoner (shorts),C_man_shorts_1_F_euro ,Soldier,N/A,,,
Commoner 1,C_man_1_1_F ,Soldier,N/A,,,
Commoner 2,C_man_1_2_F ,Soldier,N/A,,,
Commoner 3,C_man_1_3_F ,Soldier,N/A,,,
Competitor,B_Competitor_F ,Soldier,N/A,,,
Construction Worker (Black),C_Man_ConstructionWorker_01_Black_F ,Soldier,N/A,,,
Construction Worker (Blue),C_Man_ConstructionWorker_01_Blue_F ,Soldier,N/A,,,
Construction Worker (Red),C_Man_ConstructionWorker_01_Red_F ,Soldier,N/A,,,
Construction Worker (Vrana),C_Man_ConstructionWorker_01_Vrana_F ,Soldier,N/A,,,
Crewman,B_crew_F,Soldier,N/A,,,
Crewman,B_crew_F ,Soldier,N/A,,,
Crewman,B_T_Crew_F ,Soldier,N/A,,,
Crewman,B_W_Crew_F ,Soldier,N/A,,,
Crewman,I_crew_F ,Soldier,N/A,,,
Crewman,I_E_Crew_F ,Soldier,N/A,,,
Crewman,O_crew_F ,Soldier,N/A,,,
Crewman,O_T_Crew_F ,Soldier,N/A,,,
Criminal (Shotgun),I_L_Criminal_SG_F ,Soldier,N/A,,,
Criminal (SMG),I_L_Criminal_SMG_F ,Soldier,N/A,,,
CRV-6e Bobcat,B_APC_Tracked_01_CRV_F ,Vehicle - Armored,N/A,,,
CRV-6e Bobcat,B_T_APC_Tracked_01_CRV_F ,Vehicle - Armored,N/A,,,
Dealer (Rifle),I_C_Soldier_Bandit_7_F ,Soldier,N/A,,,
Deck Crew,B_Deck_Crew_F ,Soldier,N/A,,,
Demo Specialist,B_CTRG_Soldier_Exp_tna_F ,Soldier,N/A,,,
DemoCharge_Remote_Ammo,DemoCharge_Remote_Ammo,Unknown,N/A,,,
Deserter (Machine Gun),I_E_Deserter_AR_F ,Soldier,N/A,,,
Deserter (Rifle),I_C_Soldier_Para_7_F ,Soldier,N/A,,,
Deserter (Rifle),I_E_Deserter_Rifle_F ,Soldier,N/A,,,
Deserter (UGL),I_E_Deserter_GL_F ,Soldier,N/A,,,
Dillon,B_W_Story_Soldier_01_F ,Soldier,N/A,,,
Diver Explosive Specialist,B_diver_exp_F ,Soldier,N/A,,,
Diver Explosive Specialist,B_T_Diver_Exp_F ,Soldier,N/A,,,
Diver Explosive Specialist,I_diver_exp_F ,Soldier,N/A,,,
Diver Explosive Specialist,O_diver_exp_F ,Soldier,N/A,,,
Diver Explosive Specialist,O_T_Diver_Exp_F ,Soldier,N/A,,,
Diver Team Leader,B_diver_TL_F ,Soldier,N/A,,,
Diver Team Leader,B_T_Diver_TL_F ,Soldier,N/A,,,
Diver Team Leader,I_diver_TL_F ,Soldier,N/A,,,
Diver Team Leader,O_diver_TL_F ,Soldier,N/A,,,
Diver Team Leader,O_T_Diver_TL_F ,Soldier,N/A,,,
Dr. Hladík,I_Captain_Hladas_F ,Soldier,N/A,,,
Driver,C_Driver_1_black_F ,Soldier,N/A,,,
Driver,C_Driver_1_blue_F ,Soldier,N/A,,,
Driver,C_Driver_1_green_F ,Soldier,N/A,,,
Driver,C_Driver_1_orange_F ,Soldier,N/A,,,
Driver,C_Driver_1_random_base_F ,Soldier,N/A,,,
Driver,C_Driver_1_red_F ,Soldier,N/A,,,
Driver,C_Driver_1_white_F ,Soldier,N/A,,,
Driver,C_Driver_1_yellow_F ,Soldier,N/A,,,
Driver (Bluking),C_Driver_2_F ,Soldier,N/A,,,
Driver (Fuel),C_Driver_1_F ,Soldier,N/A,,,
Driver (Redstone),C_Driver_3_F ,Soldier,N/A,,,
Driver (Vrana),C_Driver_4_F ,Soldier,N/A,,,
Dwarden,B_Captain_Dwarden_F ,Soldier,N/A,,,
Eagle IV,BWA3_Eagle_Fleck,Vehicle,N/A,,,
Eagle IV (FLW 100),BWA3_Eagle_FLW100_Fleck,Vehicle,N/A,,,
ED-1D Pelter,B_UGV_02_Demining_F ,Vehicle - Aircraft,N/A,,,
ED-1D Pelter,I_E_UGV_02_Demining_F ,Vehicle - Aircraft,N/A,,,
ED-1D Pelter,I_UGV_02_Demining_F ,Vehicle - Aircraft,N/A,,,
ED-1E Roller,B_UGV_02_Science_F ,Vehicle - Aircraft,N/A,,,
ED-1E Roller,I_E_UGV_02_Science_F ,Vehicle - Aircraft,N/A,,,
ED-1E Roller,I_UGV_02_Science_F ,Vehicle - Aircraft,N/A,,,
Ejection Seat,B_Ejection_Seat_Plane_CAS_01_F ,Unknown,N/A,,,
Ejection Seat,B_Ejection_Seat_Plane_Fighter_01_F ,Unknown,N/A,,,
Ejection Seat,I_Ejection_Seat_Plane_Fighter_03_F ,Unknown,N/A,,,
Ejection Seat,I_Ejection_Seat_Plane_Fighter_04_F ,Unknown,N/A,,,
Ejection Seat,O_Ejection_Seat_Plane_CAS_02_F ,Unknown,N/A,,,
Ejection Seat,O_Ejection_Seat_Plane_Fighter_02_F ,Unknown,N/A,,,
Enforcer (Rifle),I_C_Soldier_Para_2_F ,Soldier,N/A,,,
Engineer,B_engineer_F,Soldier,N/A,,,
Engineer,B_engineer_F ,Soldier,N/A,,,
Engineer,B_G_engineer_F ,Soldier,N/A,,,
Engineer,B_Patrol_Engineer_F ,Soldier,N/A,,,
Engineer,B_T_Engineer_F ,Soldier,N/A,,,
Engineer,B_W_Engineer_F ,Soldier,N/A,,,
Engineer,I_E_Engineer_F ,Soldier,N/A,,,
Engineer,I_engineer_F ,Soldier,N/A,,,
Engineer,I_G_engineer_F ,Soldier,N/A,,,
Engineer,O_engineer_F ,Soldier,N/A,,,
Engineer,O_engineer_U_F ,Soldier,N/A,,,
Engineer,O_G_engineer_F ,Soldier,N/A,,,
Engineer,O_R_Patrol_Soldier_Engineer_F ,Soldier,N/A,,,
Engineer,O_T_Engineer_F ,Soldier,N/A,,,
Explosive Specialist,B_G_Soldier_exp_F ,Soldier,N/A,,,
Explosive Specialist,B_soldier_exp_F ,Soldier,N/A,,,
Explosive Specialist,B_T_Soldier_Exp_F ,Soldier,N/A,,,
Explosive Specialist,B_W_Soldier_Exp_F ,Soldier,N/A,,,
Explosive Specialist,I_E_Soldier_Exp_F ,Soldier,N/A,,,
Explosive Specialist,I_G_Soldier_exp_F ,Soldier,N/A,,,
Explosive Specialist,I_Soldier_exp_F ,Soldier,N/A,,,
Explosive Specialist,O_G_Soldier_exp_F ,Soldier,N/A,,,
Explosive Specialist,O_R_soldier_exp_F ,Soldier,N/A,,,
Explosive Specialist,O_soldier_exp_F ,Soldier,N/A,,,
Explosive Specialist,O_soldierU_exp_F ,Soldier,N/A,,,
Explosive Specialist,O_T_Soldier_Exp_F ,Soldier,N/A,,,
Explosives Specialist,B_soldier_exp_F,Soldier,N/A,,,
F/A-18 E Super Hornet,JS_JC_FA18E,Vehicle,N/A,,,
F/A-18 F Super Hornet,JS_JC_FA18F,Vehicle,N/A,,,
F/A-181 Black Wasp II,B_Plane_Fighter_01_F,Vehicle - Aircraft,N/A,,,
F/A-181 Black Wasp II,B_Plane_Fighter_01_F ,Vehicle - Aircraft,N/A,,,
F/A-181 Black Wasp II (Cluster),B_Plane_Fighter_01_Cluster_F ,Vehicle - Aircraft,N/A,,,
F/A-181 Black Wasp II (Stealth),B_Plane_Fighter_01_Stealth_F,Vehicle - Aircraft,N/A,,,
F/A-181 Black Wasp II (Stealth),B_Plane_Fighter_01_Stealth_F ,Vehicle - Aircraft,N/A,,,
F-15C Eagle,FIR_F15C,Vehicle,N/A,,,
F-15D Eagle,FIR_F15D,Vehicle,N/A,,,
F-15E Strike Eagle,FIR_F15E,Vehicle,N/A,,,
F-22A Raptor,USAF_F22,Vehicle,N/A,,,
F-22A Raptor (EWP-AA),USAF_F22_EWP_AA,Vehicle,N/A,,,
F-22A Raptor (EWP-AG),USAF_F22_EWP_AG,Vehicle,N/A,,,
F-22A Raptor (Heavy),USAF_F22_Heavy,Vehicle,N/A,,,
F-35A Lightning II,USAF_F35A_STEALTH,Vehicle,N/A,,,
F-35A Lightning II (Heavy),USAF_F35A,Vehicle,N/A,,,
Farmer,C_Farmer_01_enoch_F ,Soldier,N/A,,,
Farmer,CivilianPresence_C_Farmer_01_enoch_F ,Soldier,N/A,,,
Fighter Pilot,B_Fighter_Pilot_F ,Soldier,N/A,,,
Fighter Pilot,I_Fighter_Pilot_F ,Soldier,N/A,,,
Fighter Pilot,O_Fighter_Pilot_F ,Soldier,N/A,,,
Fisherman,C_Man_Fisherman_01_F ,Soldier,N/A,,,
Flag_NATO_F,Flag_NATO_F,Blacklist,N/A,,,
Flag_RedCrystal_F,Flag_RedCrystal_F,Blacklist,N/A,,,
Flag_UK_F,Flag_UK_F,Blacklist,N/A,,,
Flag_US_F,Flag_US_F,Blacklist,N/A,,,
Flag_White_F,Flag_White_F,Blacklist,N/A,,,
FOB_box_typename,FOB_box_typename,Vehicle - Support,N/A,,,
FOB_truck_typename,FOB_truck_typename,Vehicle - Support,N/A,,,
Fuel Truck,B_G_Van_01_fuel_F ,Vehicle,N/A,,,
Fuel Truck,C_Van_01_fuel_F ,Vehicle,N/A,,,
Fuel Truck,I_G_Van_01_fuel_F ,Vehicle,N/A,,,
Fuel Truck,O_G_Van_01_fuel_F ,Vehicle - Supply,N/A,,,
Fuel Truck (Red),C_Van_01_fuel_red_v2_F ,Vehicle,N/A,,,
"Fuel Truck (Red, White Tank)",C_Van_01_fuel_red_F ,Vehicle,N/A,,,
Fuel Truck (White),C_Van_01_fuel_white_F ,Vehicle,N/A,,,
"Fuel Truck (White, Red Tank)",C_Van_01_fuel_white_v2_F ,Vehicle,N/A,,,
Fugitive,C_man_p_fugitive_F ,Soldier,N/A,,,
Fugitive,C_man_p_fugitive_F_afro ,Soldier,N/A,,,
Fugitive,C_man_p_fugitive_F_asia ,Soldier,N/A,,,
Fugitive,C_man_p_fugitive_F_euro ,Soldier,N/A,,,
Fugitive (shorts),C_man_p_shorts_1_F ,Soldier,N/A,,,
Fugitive (shorts),C_man_p_shorts_1_F_afro ,Soldier,N/A,,,
Fugitive (shorts),C_man_p_shorts_1_F_asia ,Soldier,N/A,,,
Fugitive (shorts),C_man_p_shorts_1_F_euro ,Soldier,N/A,,,
FV4034 Challenger 2,CUP_B_Challenger2_NATO,Vehicle,N/A,,,
FV-720 Mora,I_APC_tracked_03_cannon_F,Vehicle,N/A,,,
FV-720 Mora,I_APC_tracked_03_cannon_F ,Vehicle - Armored,N/A,,,
FV-720 Odyniec,I_E_APC_tracked_03_cannon_F ,Vehicle - Armored,N/A,,,
G_40mm_SmokeOrange,G_40mm_SmokeOrange,Blacklist,N/A,,,
Gendarme,B_GEN_Soldier_F ,Soldier,N/A,,,
Gendarme,O_GEN_Soldier_F ,Soldier,N/A,,,
Gendarmerie Commander,B_GEN_Commander_F ,Soldier,N/A,,,
Gendarmerie Commander,O_GEN_Commander_F ,Soldier,N/A,,,
Gravity Tool Module,AlienDrone_Module_02_twin_F ,Vehicle - Aircraft,N/A,,,
Gravity Tool Module,B_A_AlienDrone_Module_02_F ,Vehicle - Aircraft,N/A,,,
Gravity Tool Module,B_A_AlienDrone_Module_02_twin_F ,Vehicle - Aircraft,N/A,,,
Gravity Tool Module,I_A_AlienDrone_Module_02_F ,Vehicle - Aircraft,N/A,,,
Gravity Tool Module,I_A_AlienDrone_Module_02_twin_F ,Vehicle - Aircraft,N/A,,,
Gravity Tool Module,O_A_AlienDrone_Module_02_F ,Vehicle - Aircraft,N/A,,,
Gravity Tool Module,O_A_AlienDrone_Module_02_twin_F ,Vehicle - Aircraft,N/A,,,
Grenadier,B_G_Soldier_GL_F ,Soldier,N/A,,,
Grenadier,B_Soldier_GL_F,Soldier,N/A,,,
Grenadier,B_Soldier_GL_F ,Soldier,N/A,,,
Grenadier,B_T_Soldier_GL_F ,Soldier,N/A,,,
Grenadier,B_W_Soldier_GL_EMP_F ,Soldier,N/A,,,
Grenadier,B_W_Soldier_GL_F ,Soldier,N/A,,,
Grenadier,I_E_Soldier_GL_EMP_F ,Soldier,N/A,,,
Grenadier,I_E_Soldier_GL_F ,Soldier,N/A,,,
Grenadier,I_G_Soldier_GL_F ,Soldier,N/A,,,
Grenadier,I_Soldier_GL_F ,Soldier,N/A,,,
Grenadier,O_A_soldier_GL_F ,Soldier,N/A,,,
Grenadier,O_G_Soldier_GL_F ,Soldier,N/A,,,
Grenadier,O_R_Patrol_Soldier_GL_F ,Soldier,N/A,,,
Grenadier,O_R_Soldier_GL_F ,Soldier,N/A,,,
Grenadier,O_Soldier_GL_F ,Soldier,N/A,,,
Grenadier,O_SoldierU_GL_F ,Soldier,N/A,,,
Grenadier,O_T_Soldier_GL_F ,Soldier,N/A,,,
Grover,B_Story_Colonel_F ,Soldier,N/A,,,
Guard (Machine Gun),I_C_Soldier_Bandit_3_F ,Soldier,N/A,,,
Gunner (GMG),B_support_GMG_F ,Soldier,N/A,,,
Gunner (GMG),B_T_Support_GMG_F ,Soldier,N/A,,,
Gunner (GMG),B_W_Support_GMG_F ,Soldier,N/A,,,
Gunner (GMG),I_E_Support_GMG_F ,Soldier,N/A,,,
Gunner (GMG),I_support_GMG_F ,Soldier,N/A,,,
Gunner (GMG),O_support_GMG_F ,Soldier,N/A,,,
Gunner (GMG),O_T_Support_GMG_F ,Soldier,N/A,,,
Gunner (HMG),B_support_MG_F ,Soldier,N/A,,,
Gunner (HMG),B_T_Support_MG_F ,Soldier,N/A,,,
Gunner (HMG),B_W_Support_MG_F ,Soldier,N/A,,,
Gunner (HMG),I_E_Support_MG_F ,Soldier,N/A,,,
Gunner (HMG),I_support_MG_F ,Soldier,N/A,,,
Gunner (HMG),O_support_MG_F ,Soldier,N/A,,,
Gunner (HMG),O_T_Support_MG_F ,Soldier,N/A,,,
Gunner (Mk6),B_support_Mort_F ,Soldier,N/A,,,
Gunner (Mk6),B_T_Support_Mort_F ,Soldier,N/A,,,
Gunner (Mk6),B_W_Support_Mort_F ,Soldier,N/A,,,
Gunner (Mk6),I_E_Support_Mort_F ,Soldier,N/A,,,
Gunner (Mk6),I_support_Mort_F ,Soldier,N/A,,,
Gunner (Mk6),O_support_Mort_F ,Soldier,N/A,,,
Gunner (Mk6),O_T_Support_Mort_F ,Soldier,N/A,,,
Hardy,B_CTRG_soldier_engineer_exp_F ,Soldier,N/A,,,
Hatchback,C_Hatchback_01_F ,Vehicle - Civilian,N/A,,,
Hatchback (Black),C_Hatchback_01_black_F ,Vehicle - Civilian,N/A,,,
Hatchback (Blue),C_Hatchback_01_blue_F ,Vehicle - Civilian,N/A,,,
Hatchback (Custom Beige),C_Hatchback_01_beigecustom_F ,Vehicle - Civilian,N/A,,,
Hatchback (Custom Blue),C_Hatchback_01_bluecustom_F ,Vehicle - Civilian,N/A,,,
Hatchback (Dark),C_Hatchback_01_dark_F ,Vehicle - Civilian,N/A,,,
Hatchback (Green),C_Hatchback_01_green_F ,Vehicle - Civilian,N/A,,,
Hatchback (Grey),C_Hatchback_01_grey_F ,Vehicle - Civilian,N/A,,,
Hatchback (Sport),C_Hatchback_01_sport_F ,Vehicle - Civilian,N/A,,,
"Hatchback (Sport, Blue)",C_Hatchback_01_sport_blue_F ,Vehicle - Civilian,N/A,,,
"Hatchback (Sport, Green)",C_Hatchback_01_sport_green_F ,Vehicle - Civilian,N/A,,,
"Hatchback (Sport, Grey)",C_Hatchback_01_sport_grey_F ,Vehicle - Civilian,N/A,,,
"Hatchback (Sport, Orange)",C_Hatchback_01_sport_orange_F ,Vehicle - Civilian,N/A,,,
"Hatchback (Sport, Red)",C_Hatchback_01_sport_red_F ,Vehicle - Civilian,N/A,,,
"Hatchback (Sport, White)",C_Hatchback_01_sport_white_F ,Vehicle - Civilian,N/A,,,
Hatchback (White),C_Hatchback_01_white_F ,Vehicle - Civilian,N/A,,,
Hatchback (Yellow),C_Hatchback_01_yellow_F ,Vehicle - Civilian,N/A,,,
Heavy Gunner,B_HeavyGunner_F ,Soldier,N/A,,,
Heavy Gunner,B_Patrol_HeavyGunner_F ,Soldier,N/A,,,
Heavy Gunner,O_HeavyGunner_F ,Soldier,N/A,,,
Heavy Gunner,O_Urban_HeavyGunner_F ,Soldier,N/A,,,
Heavygunner,B_HeavyGunner_F,Soldier,N/A,,,
Helicopter Crew,B_helicrew_F,Soldier,N/A,,,
Helicopter Crew,B_helicrew_F ,Soldier,N/A,,,
Helicopter Crew,B_T_Helicrew_F ,Soldier,N/A,,,
Helicopter Crew,B_W_Helicrew_F ,Soldier,N/A,,,
Helicopter Crew,I_E_Helicrew_F ,Soldier,N/A,,,
Helicopter Crew,I_helicrew_F ,Soldier,N/A,,,
Helicopter Crew,O_helicrew_F ,Soldier,N/A,,,
Helicopter Crew,O_T_Helicrew_F ,Soldier,N/A,,,
Helicopter Pilot,B_Helipilot_F,Soldier,N/A,,,
Helicopter Pilot,B_Helipilot_F ,Soldier,N/A,,,
Helicopter Pilot,B_T_Helipilot_F ,Soldier,N/A,,,
Helicopter Pilot,B_W_Helipilot_F ,Soldier,N/A,,,
Helicopter Pilot,I_C_Helipilot_F ,Soldier,N/A,,,
Helicopter Pilot,I_E_Helipilot_F ,Soldier,N/A,,,
Helicopter Pilot,I_helipilot_F ,Soldier,N/A,,,
Helicopter Pilot,O_helipilot_F ,Soldier,N/A,,,
Helicopter Pilot,O_T_Helipilot_F ,Soldier,N/A,,,
HEMTT,B_T_Truck_01_mover_F ,Vehicle,N/A,,,
HEMTT,B_Truck_01_mover_F ,Vehicle,N/A,,,
HEMTT Ammo,B_T_Truck_01_ammo_F ,Vehicle,N/A,,,
HEMTT Ammo,B_Truck_01_ammo_F ,Vehicle,N/A,,,
HEMTT Box,B_T_Truck_01_box_F ,Vehicle,N/A,,,
HEMTT Box,B_Truck_01_box_F ,Vehicle,N/A,,,
HEMTT Cargo,B_T_Truck_01_cargo_F ,Vehicle,N/A,,,
HEMTT Cargo,B_Truck_01_cargo_F ,Vehicle,N/A,,,
HEMTT Flatbed,B_T_Truck_01_flatbed_F ,Vehicle,N/A,,,
HEMTT Flatbed,B_Truck_01_flatbed_F ,Vehicle,N/A,,,
HEMTT Fuel,B_T_Truck_01_fuel_F ,Vehicle,N/A,,,
HEMTT Fuel,B_Truck_01_fuel_F ,Vehicle,N/A,,,
HEMTT Medical,B_T_Truck_01_medical_F ,Vehicle,N/A,,,
HEMTT Medical,B_Truck_01_medical_F ,Vehicle,N/A,,,
HEMTT Repair,B_T_Truck_01_Repair_F ,Vehicle,N/A,,,
HEMTT Repair,B_Truck_01_Repair_F ,Vehicle,N/A,,,
HEMTT Transport,B_T_Truck_01_transport_F ,Vehicle,N/A,,,
HEMTT Transport,B_Truck_01_transport_F ,Vehicle,N/A,,,
HEMTT Transport,B_Truck_01_transport_F,Vehicle - Military,N/A,,,
HEMTT Transport (Covered),B_T_Truck_01_covered_F ,Vehicle,N/A,,,
HEMTT Transport (Covered),B_Truck_01_covered_F,Vehicle,N/A,,,
HEMTT Transport (Covered),B_Truck_01_covered_F ,Vehicle,N/A,,,
Hireling (Launcher),I_C_Soldier_Bandit_2_F ,Soldier,N/A,,,
Homewood,B_W_Story_Major_01_F ,Soldier,N/A,,,
Hunter,B_MRAP_01_F,Vehicle,N/A,,,
Hunter,B_MRAP_01_F ,Vehicle,N/A,,,
Hunter,B_T_MRAP_01_F ,Vehicle,N/A,,,
Hunter (GMG),B_MRAP_01_gmg_F,Vehicle,N/A,,,
Hunter (green),C_man_hunter_1_F ,Soldier,N/A,,,
Hunter (HMG),B_MRAP_01_hmg_F,Vehicle,N/A,,,
Hunter (Rifle),I_L_Hunter_F ,Soldier,N/A,,,
Hunter GMG,B_MRAP_01_gmg_F ,Vehicle,N/A,,,
Hunter GMG,B_T_MRAP_01_gmg_F ,Vehicle,N/A,,,
Hunter HMG,B_MRAP_01_hmg_F ,Vehicle,N/A,,,
Hunter HMG,B_T_MRAP_01_hmg_F ,Vehicle,N/A,,,
Hutchison,B_Story_Tank_Commander_F ,Soldier,N/A,,,
I_C_Boat_Transport_02_F,I_C_Boat_Transport_02_F,Vehicle - Boat,N/A,,,
IEDLandBig_Remote_Ammo,IEDLandBig_Remote_Ammo,Unknown,N/A,,,
IEDLandSmall_Remote_Ammo,IEDLandSmall_Remote_Ammo,Unknown,N/A,,,
IEDUrbanBig_Remote_Ammo,IEDUrbanBig_Remote_Ammo,Unknown,N/A,,,
IEDUrbanSmall_Remote_Ammo,IEDUrbanSmall_Remote_Ammo,Unknown,N/A,,,
Ifrit,O_T_MRAP_02_ghex_F ,Vehicle,N/A,,,
Ifrit,O_MRAP_02_F ,Vehicle - Civilian,N/A,,,
Ifrit GMG,O_T_MRAP_02_gmg_ghex_F ,Vehicle,N/A,,,
Ifrit GMG,O_MRAP_02_gmg_F ,Vehicle - Civilian,N/A,,,
Ifrit HMG,O_T_MRAP_02_hmg_ghex_F ,Vehicle,N/A,,,
Ifrit HMG,O_MRAP_02_hmg_F ,Vehicle - Civilian,N/A,,,
IFV Puma,BWA3_Puma_Fleck,Vehicle,N/A,,,
IFV-6a Cheetah,B_APC_Tracked_01_AA_F,Vehicle,N/A,,,
IFV-6a Cheetah,B_APC_Tracked_01_AA_F ,Vehicle - Support,N/A,,,
IFV-6a Cheetah,B_T_APC_Tracked_01_AA_F ,Vehicle - Support,N/A,,,
IFV-6c Panther,B_APC_Tracked_01_rcws_F,Vehicle,N/A,,,
IFV-6c Panther,B_APC_Tracked_01_rcws_F ,Vehicle - Armored,N/A,,,
IFV-6c Panther,B_T_APC_Tracked_01_rcws_F ,Vehicle - Armored,N/A,,,
Invisible Target Soldier,B_TargetSoldier ,Soldier,N/A,,,
Invisible Target Soldier,I_TargetSoldier ,Soldier,N/A,,,
Invisible Target Soldier,O_TargetSoldier ,Soldier,N/A,,,
InvisibleHeli,InvisibleHeli_01_100m_F ,Vehicle - Aircraft,N/A,,,
InvisibleHeli,InvisibleHeli_01_150m_F ,Vehicle - Aircraft,N/A,,,
InvisibleHeli,InvisibleHeli_01_50m_F ,Vehicle - Aircraft,N/A,,,
Ivan,B_G_Captain_Ivan_F ,Soldier,N/A,,,
James,B_CTRG_soldier_M_medic_F ,Soldier,N/A,,,
Jay,B_Captain_Jay_F ,Soldier,N/A,,,
Jinaah AL-6,O_UAV_06_F ,Vehicle - Aircraft,N/A,,,
Jinaah AL-6 (Medical),O_UAV_06_medical_F ,Vehicle - Aircraft,N/A,,,
Journalist,C_journalist_F ,Soldier,N/A,,,
Journalist (War),C_Journalist_01_War_F ,Soldier,N/A,,,
JTAC,B_CTRG_Soldier_JTAC_tna_F ,Soldier,N/A,,,
JTAC,O_R_JTAC_F ,Soldier,N/A,,,
K40 Ababil-3,I_UAV_02_dynamicLoadout_F ,Vehicle - Aircraft,N/A,,,
K40 Ababil-3,I_UAV_02_F ,Vehicle - Aircraft,N/A,,,
K40 Ababil-3,O_UAV_02_dynamicLoadout_F ,Vehicle - Aircraft,N/A,,,
K40 Ababil-3,O_UAV_02_F ,Vehicle - Aircraft,N/A,,,
K40 Ababil-3 (CAS),I_UAV_02_CAS_F ,Vehicle - Aircraft,N/A,,,
K40 Ababil-3 (CAS),O_UAV_02_CAS_F ,Vehicle - Aircraft,N/A,,,
Kart,C_Kart_01_F ,Vehicle - BikeMoto,N/A,,,
Kart (Black),C_Kart_01_black_F ,Vehicle - BikeMoto,N/A,,,
Kart (Bluking),C_Kart_01_Blu_F ,Vehicle - BikeMoto,N/A,,,
Kart (Fuel),C_Kart_01_Fuel_F ,Vehicle - BikeMoto,N/A,,,
Kart (Green),C_Kart_01_green_F ,Vehicle - BikeMoto,N/A,,,
Kart (Orange),C_Kart_01_orange_F ,Vehicle - BikeMoto,N/A,,,
Kart (Redstone),C_Kart_01_Red_F ,Vehicle - BikeMoto,N/A,,,
Kart (Vrana),C_Kart_01_Vrana_F ,Vehicle - BikeMoto,N/A,,,
Kart (White),C_Kart_01_white_F ,Vehicle - BikeMoto,N/A,,,
Kart (Yellow),C_Kart_01_yellow_F ,Vehicle - BikeMoto,N/A,,,
KC-135 Stratotanker,usaf_kc135,Vehicle,N/A,,,
Kerry,B_Story_Protagonist_F ,Soldier,N/A,,,
Kerry,I_G_Story_Protagonist_F ,Soldier,N/A,,,
Kesson,C_Story_Scientist_01_F ,Soldier,N/A,,,
KH-3A Fenghuang,O_T_UAV_04_CAS_F ,Vehicle - Aircraft,N/A,,,
Kingsly,B_W_Story_Leader_01_F ,Soldier,N/A,,,
KP_liberation_air_vehicle_building,KP_liberation_air_vehicle_building,Vehicle - Support,N/A,,,
KP_liberation_heli_slot_building,KP_liberation_heli_slot_building,Vehicle - Support,N/A,,,
KP_liberation_large_storage_building,KP_liberation_large_storage_building,Vehicle - Support,N/A,,,
KP_liberation_plane_slot_building,KP_liberation_plane_slot_building,Vehicle - Support,N/A,,,
KP_liberation_recycle_building,KP_liberation_recycle_building,Vehicle - Support,N/A,,,
KP_liberation_small_storage_building,KP_liberation_small_storage_building,Vehicle - Support,N/A,,,
Krupin,O_R_Story_TL_01_F ,Soldier,N/A,,,
Kyros Kalogeros,I_Story_Crew_F ,Soldier,N/A,,,
Land_AirConditioner_03_F,Land_AirConditioner_03_F,Unknown,N/A,,,
Land_BagBunker_Large_F,Land_BagBunker_Large_F,Blacklist,N/A,,,
Land_BagBunker_Small_F,Land_BagBunker_Small_F,Blacklist,N/A,,,
Land_BagBunker_Tower_F,Land_BagBunker_Tower_F,Blacklist,N/A,,,
Land_BagFence_Corner_F,Land_BagFence_Corner_F,Blacklist,N/A,,,
Land_BagFence_End_F,Land_BagFence_End_F,Blacklist,N/A,,,
Land_BagFence_Long_F,Land_BagFence_Long_F,Blacklist,N/A,,,
Land_BagFence_Round_F,Land_BagFence_Round_F,Blacklist,N/A,,,
Land_BagFence_Short_F,Land_BagFence_Short_F,Blacklist,N/A,,,
Land_BarrelWater_F,Land_BarrelWater_F,Blacklist,N/A,,,
Land_BarrelWater_grey_F,Land_BarrelWater_grey_F,Blacklist,N/A,,,
Land_Bodybag_01_black_F,Land_Bodybag_01_black_F,Unknown,N/A,,,
Land_BuoyBig_F,Land_BuoyBig_F,Unknown,N/A,,,
Land_CampingChair_V1_F,Land_CampingChair_V1_F,Blacklist,N/A,,,
Land_CampingChair_V2_F,Land_CampingChair_V2_F,Blacklist,N/A,,,
Land_CampingTable_F,Land_CampingTable_F,Unknown,N/A,,,
Land_Cargo_House_V1_F,Land_Cargo_House_V1_F,Blacklist,N/A,,,
Land_Cargo_Patrol_V1_F,Land_Cargo_Patrol_V1_F,Blacklist,N/A,,,
Land_Cargo_Tower_V1_F,Land_Cargo_Tower_V1_F,Blacklist,N/A,,,
Land_CashDesk_F,Land_CashDesk_F,Loot,Unknown,,,
Land_ClutterCutter_large_F,Land_ClutterCutter_large_F,Blacklist,N/A,,,
Land_CncBarrierMedium_F,Land_CncBarrierMedium_F,Blacklist,N/A,,,
Land_CncBarrierMedium4_F,Land_CncBarrierMedium4_F,Blacklist,N/A,,,
Land_CncShelter_F,Land_CncShelter_F,Blacklist,N/A,,,
Land_CncWall1_F,Land_CncWall1_F,Blacklist,N/A,,,
Land_CncWall4_F,Land_CncWall4_F,Blacklist,N/A,,,
Land_Concrete_SmallWall_4m_F,Land_Concrete_SmallWall_4m_F,Blacklist,N/A,,,
Land_Concrete_SmallWall_8m_F,Land_Concrete_SmallWall_8m_F,Blacklist,N/A,,,
Land_CzechHedgehog_01_new_F,Land_CzechHedgehog_01_new_F,Blacklist,N/A,,,
Land_DieselGroundPowerUnit_01_F,Land_DieselGroundPowerUnit_01_F,Blacklist,N/A,,,
Land_GasTank_01_blue_F,Land_GasTank_01_blue_F,Blacklist,N/A,,,
Land_GasTank_01_khaki_F,Land_GasTank_01_khaki_F,Blacklist,N/A,,,
Land_GasTank_01_yellow_F,Land_GasTank_01_yellow_F,Blacklist,N/A,,,
Land_GasTank_02_F,Land_GasTank_02_F,Blacklist,N/A,,,
Land_HBarrier_1_F,Land_HBarrier_1_F,Blacklist,N/A,,,
Land_HBarrier_3_F,Land_HBarrier_3_F,Blacklist,N/A,,,
Land_HBarrier_5_F,Land_HBarrier_5_F,Blacklist,N/A,,,
Land_HBarrier_Big_F,Land_HBarrier_Big_F,Blacklist,N/A,,,
Land_HBarrierTower_F,Land_HBarrierTower_F,Blacklist,N/A,,,
Land_HBarrierWall_corner_F,Land_HBarrierWall_corner_F,Blacklist,N/A,,,
Land_HBarrierWall_corridor_F,Land_HBarrierWall_corridor_F,Blacklist,N/A,,,
Land_HBarrierWall4_F,Land_HBarrierWall4_F,Blacklist,N/A,,,
Land_HBarrierWall6_F,Land_HBarrierWall6_F,Blacklist,N/A,,,
Land_HelipadCircle_F,Land_HelipadCircle_F,Blacklist,N/A,,,
Land_HelipadRescue_F,Land_HelipadRescue_F,Blacklist,N/A,,,
Land_LampAirport_F,Land_LampAirport_F,Blacklist,N/A,,,
Land_LampHalogen_F,Land_LampHalogen_F,Blacklist,N/A,,,
Land_LampSolar_F,Land_LampSolar_F,Blacklist,N/A,,,
Land_LampStreet_small_F,Land_LampStreet_small_F,Blacklist,N/A,,,
Land_Medevac_house_V1_F,Land_Medevac_house_V1_F,Blacklist,N/A,,,
Land_Medevac_HQ_V1_F,Land_Medevac_HQ_V1_F,Blacklist,N/A,,,
Land_Missle_Trolley_02_F,Land_Missle_Trolley_02_F,Unknown,N/A,,,
Land_Pallet_MilBoxes_F,Land_Pallet_MilBoxes_F,Blacklist,N/A,,,
Land_PaperBox_closed_F,Land_PaperBox_closed_F,Blacklist,N/A,,,
Land_PaperBox_open_empty_F,Land_PaperBox_open_empty_F,Blacklist,N/A,,,
Land_PaperBox_open_full_F,Land_PaperBox_open_full_F,Blacklist,N/A,,,
Land_PortableLight_double_F,Land_PortableLight_double_F,Blacklist,N/A,,,
Land_PortableLight_single_F,Land_PortableLight_single_F,Blacklist,N/A,,,
Land_Razorwire_F,Land_Razorwire_F,Blacklist,N/A,,,
Land_Sign_WarningMilAreaSmall_F,Land_Sign_WarningMilAreaSmall_F,Blacklist,N/A,,,
Land_Sign_WarningMilitaryArea_F,Land_Sign_WarningMilitaryArea_F,Blacklist,N/A,,,
Land_Sign_WarningMilitaryVehicles_F,Land_Sign_WarningMilitaryVehicles_F,Blacklist,N/A,,,
Land_ToolTrolley_02_F,Land_ToolTrolley_02_F,Blacklist,N/A,,,
Land_WaterBarrel_F,Land_WaterBarrel_F,Blacklist,N/A,,,
Land_WaterTank_F,Land_WaterTank_F,Blacklist,N/A,,,
Land_WeldingTrolley_01_F,Land_WeldingTrolley_01_F,Blacklist,N/A,,,
Land_Workbench_01_F,Land_Workbench_01_F,Blacklist,N/A,,,
Larkin,B_Story_Pilot_F ,Soldier,N/A,,,
Laser Target,LaserTargetE ,Unknown,N/A,,,
Laser Target,LaserTargetEBase ,Unknown,N/A,,,
Laser Target,LaserTargetW ,Unknown,N/A,,,
Laser Target,LaserTargetWBase ,Unknown,N/A,,,
Logic,Logic,Blacklist,N/A,PLACEHOLDER,PLACEHOLDER,invisible
Looter (Pistol),I_L_Looter_Pistol_F ,Soldier,N/A,,,
Looter (Rifle),I_L_Looter_Rifle_F ,Soldier,N/A,,,
Looter (Shotgun),I_L_Looter_SG_F ,Soldier,N/A,,,
Looter (SMG),I_L_Looter_SMG_F ,Soldier,N/A,,,
M1025A2,rhsusf_m1025_w,Vehicle,N/A,,,
M1025A2 (M2),rhsusf_m1025_w_m2,Vehicle,N/A,,,
M1025A2 (Mk19),rhsusf_m1025_w_mk19,Vehicle,N/A,,,
M1083A1P2,rhsusf_M1083A1P2_WD_flatbed_fmtv_usarmy,Vehicle,N/A,,,
M1083A1P2 Transport,rhsusf_M1083A1P2_wd_open_fmtv_usarmy,Vehicle,N/A,,,
M1083A1P2 Transport (Covered),rhsusf_M1083A1P2_wd_fmtv_usarmy,Vehicle,N/A,,,
M1097A2 (2D / open back),rhsusf_m998_w_2dr_halftop,Vehicle,N/A,,,
M1097A2 (2D),rhsusf_m998_w_2dr_fulltop,Vehicle,N/A,,,
M109A6,rhsusf_m109_usarmy,Vehicle,N/A,,,
M1117 ASV,rhsusf_M1117_W,Vehicle,N/A,,,
M113A3 (M2),rhsusf_m113_usarmy,Vehicle,N/A,,,
M113A3 (Medical),rhsusf_m113_usarmy_medical,Vehicle,N/A,,,
M113A3 (Mk19),rhsusf_m113_usarmy_MK19,Vehicle,N/A,,,
M119A2,RHS_M119_WD,Stationary,N/A,,,
M1220,rhsusf_M1220_usarmy_wd,Vehicle,N/A,,,
M1220,rhsusf_M1232_usarmy_wd,Vehicle,N/A,,,
M1220 (M2),rhsusf_M1220_M2_usarmy_wd,Vehicle,N/A,,,
M1220 (M2),rhsusf_M1232_M2_usarmy_wd,Vehicle,N/A,,,
M1220 (Mk19),rhsusf_M1220_MK19_usarmy_wd,Vehicle,N/A,,,
M1220 (Mk19),rhsusf_M1232_MK19_usarmy_wd,Vehicle,N/A,,,
M1230A1 (MEDEVAC),rhsusf_M1230a1_usarmy_wd,Vehicle,N/A,,,
M1A1SA (Tusk I),rhsusf_m1a1aim_tuski_wd,Vehicle,N/A,,,
M1A2SEPv1 (Tusk II),rhsusf_m1a2sep1tuskiiwd_usarmy,Vehicle,N/A,,,
M2 HMG .50,B_G_HMG_02_F ,Stationary,N/A,,,
M2 HMG .50,B_HMG_02_F ,Stationary,N/A,,,
M2 HMG .50,I_C_HMG_02_F ,Stationary,N/A,,,
M2 HMG .50,I_E_HMG_02_F ,Stationary,N/A,,,
M2 HMG .50,I_G_HMG_02_F ,Stationary,N/A,,,
M2 HMG .50,I_HMG_02_F ,Stationary,N/A,,,
M2 HMG .50,O_G_HMG_02_F ,Stationary,N/A,,,
M2 HMG .50,O_HMG_02_F ,Stationary,N/A,,,
M2 HMG .50 (Raised),B_G_HMG_02_high_F ,Stationary,N/A,,,
M2 HMG .50 (Raised),B_HMG_02_high_F ,Stationary,N/A,,,
M2 HMG .50 (Raised),I_C_HMG_02_high_F ,Stationary,N/A,,,
M2 HMG .50 (Raised),I_E_HMG_02_high_F ,Stationary,N/A,,,
M2 HMG .50 (Raised),I_G_HMG_02_high_F ,Stationary,N/A,,,
M2 HMG .50 (Raised),I_HMG_02_high_F ,Stationary,N/A,,,
M2 HMG .50 (Raised),O_G_HMG_02_high_F ,Stationary,N/A,,,
M2 HMG .50 (Raised),O_HMG_02_high_F ,Stationary,N/A,,,
M2A1 Slammer,B_MBT_01_cannon_F,Vehicle,N/A,,,
M2A1 Slammer,B_MBT_01_cannon_F ,Vehicle - Armored,N/A,,,
M2A1 Slammer,B_T_MBT_01_cannon_F ,Vehicle - Armored,N/A,,,
M2A2ODS (Busk I),RHS_M2A2_BUSKI_WD,Vehicle,N/A,,,
M2A3 (Busk III),RHS_M2A3_BUSKIII_wd,Vehicle,N/A,,,
M2A4 Slammer UP,B_MBT_01_TUSK_F,Vehicle,N/A,,,
M2A4 Slammer UP,B_MBT_01_TUSK_F ,Vehicle - Armored,N/A,,,
M2A4 Slammer UP,B_T_MBT_01_TUSK_F ,Vehicle - Armored,N/A,,,
M4 Scorcher,B_MBT_01_arty_F,Vehicle,N/A,,,
M4 Scorcher,B_MBT_01_arty_F ,Vehicle - Support,N/A,,,
M4 Scorcher,B_T_MBT_01_arty_F ,Vehicle - Support,N/A,,,
M5 Sandstorm MLRS,B_MBT_01_mlrs_F,Vehicle,N/A,,,
M5 Sandstorm MLRS,B_MBT_01_mlrs_F ,Vehicle - Support,N/A,,,
M5 Sandstorm MLRS,B_T_MBT_01_mlrs_F ,Vehicle - Support,N/A,,,
M6A2,RHS_M6_wd,Vehicle,N/A,,,
M-900,C_Heli_Light_01_civil_F ,Vehicle - Aircraft,N/A,,,
M-900,I_C_Heli_Light_01_civil_F ,Vehicle - Aircraft,N/A,,,
M-900 (Blue),C_Heli_light_01_blue_F ,Vehicle - Aircraft,N/A,,,
M-900 (BlueLine),C_Heli_light_01_blueLine_F ,Vehicle - Aircraft,N/A,,,
M-900 (Digital),C_Heli_light_01_digital_F ,Vehicle - Aircraft,N/A,,,
M-900 (Elliptical),C_Heli_light_01_elliptical_F ,Vehicle - Aircraft,N/A,,,
M-900 (Furious),C_Heli_light_01_furious_F ,Vehicle - Aircraft,N/A,,,
M-900 (GrayWatcher),C_Heli_light_01_graywatcher_F ,Vehicle - Aircraft,N/A,,,
M-900 (ION),C_Heli_light_01_ion_F ,Vehicle - Aircraft,N/A,,,
M-900 (Jeans),C_Heli_light_01_jeans_F ,Vehicle - Aircraft,N/A,,,
M-900 (Light),C_Heli_light_01_light_F ,Vehicle - Aircraft,N/A,,,
M-900 (Luxe),C_Heli_light_01_luxe_F ,Vehicle - Aircraft,N/A,,,
M-900 (Red),C_Heli_light_01_red_F ,Vehicle - Aircraft,N/A,,,
M-900 (Shadow),C_Heli_light_01_shadow_F ,Vehicle - Aircraft,N/A,,,
M-900 (Sheriff),C_Heli_light_01_sheriff_F ,Vehicle - Aircraft,N/A,,,
M-900 (Speedy),C_Heli_light_01_speedy_F ,Vehicle - Aircraft,N/A,,,
M-900 (Stripped),C_Heli_light_01_stripped_F ,Vehicle - Aircraft,N/A,,,
M-900 (Sunset),C_Heli_light_01_sunset_F ,Vehicle - Aircraft,N/A,,,
M-900 (VRANA),C_Heli_light_01_vrana_F ,Vehicle - Aircraft,N/A,,,
M-900 (Wasp),C_Heli_light_01_wasp_F ,Vehicle - Aircraft,N/A,,,
M-900 (Wave),C_Heli_light_01_wave_F ,Vehicle - Aircraft,N/A,,,
M977A4 BKIT,rhsusf_M977A4_BKIT_usarmy_wd,Vehicle,N/A,,,
M977A4 BKIT (HMG),rhsusf_M977A4_BKIT_M2_usarmy_wd,Vehicle,N/A,,,
Machine Gunner,B_Patrol_Soldier_MG_F ,Soldier,N/A,,,
Major Gavras,I_Story_Officer_01_F ,Soldier,N/A,,,
MapBoard_altis_F,MapBoard_altis_F,Blacklist,N/A,,,
MapBoard_seismic_F,MapBoard_seismic_F,Blacklist,N/A,,,
MapBoard_stratis_F,MapBoard_stratis_F,Blacklist,N/A,,,
Markos Kouris,C_Story_Mechanic_01_F ,Soldier,N/A,,,
Marksman,B_CTRG_Soldier_M_tna_F ,Soldier,N/A,,,
Marksman,B_G_Soldier_M_F ,Soldier,N/A,,,
Marksman,B_Patrol_Soldier_M_F ,Soldier,N/A,,,
Marksman,B_soldier_M_F,Soldier,N/A,,,
Marksman,B_soldier_M_F ,Soldier,N/A,,,
Marksman,B_T_soldier_M_F ,Soldier,N/A,,,
Marksman,B_W_soldier_M_EMP_F ,Soldier,N/A,,,
Marksman,B_W_soldier_M_F ,Soldier,N/A,,,
Marksman,I_E_soldier_M_EMP_F ,Soldier,N/A,,,
Marksman,I_E_soldier_M_F ,Soldier,N/A,,,
Marksman,I_G_Soldier_M_F ,Soldier,N/A,,,
Marksman,I_Soldier_M_F ,Soldier,N/A,,,
Marksman,O_A_soldier_M_F ,Soldier,N/A,,,
Marksman,O_G_Soldier_M_F ,Soldier,N/A,,,
Marksman,O_R_Patrol_Soldier_M2_F ,Soldier,N/A,,,
Marksman,O_R_soldier_M_F ,Soldier,N/A,,,
Marksman,O_soldier_M_F ,Soldier,N/A,,,
Marksman,O_soldierU_M_F ,Soldier,N/A,,,
Marksman,O_T_Soldier_M_F ,Soldier,N/A,,,
Marshal,C_Marshal_F ,Soldier,N/A,,,
MB 4WD,C_Offroad_02_unarmed_F ,Vehicle,N/A,,,
MB 4WD,I_C_Offroad_02_unarmed_F ,Vehicle,N/A,,,
MB 4WD (AT),I_C_Offroad_02_AT_F ,Vehicle,N/A,,,
MB 4WD (Black),C_Offroad_02_unarmed_black_F ,Vehicle - Civilian,N/A,,,
MB 4WD (Blue),C_Offroad_02_unarmed_blue_F ,Vehicle - Civilian,N/A,,,
MB 4WD (Brown),I_C_Offroad_02_unarmed_brown_F ,Vehicle,N/A,,,
MB 4WD (Green),C_Offroad_02_unarmed_green_F ,Vehicle - Civilian,N/A,,,
MB 4WD (LMG),I_C_Offroad_02_LMG_F ,Vehicle,N/A,,,
MB 4WD (Olive),I_C_Offroad_02_unarmed_olive_F ,Vehicle,N/A,,,
MB 4WD (Orange),C_Offroad_02_unarmed_orange_F ,Vehicle - Civilian,N/A,,,
MB 4WD (Red),C_Offroad_02_unarmed_red_F ,Vehicle - Civilian,N/A,,,
MB 4WD (White),C_Offroad_02_unarmed_white_F ,Vehicle - Civilian,N/A,,,
MBT Leopard 2A6M,BWA3_Leopard2_Fleck,Vehicle,N/A,,,
MBT-52 Kuma,I_MBT_03_cannon_F,Vehicle,N/A,,,
MBT-52 Kuma,I_MBT_03_cannon_F ,Vehicle - Armored,N/A,,,
McKay,B_CTRG_soldier_AR_A_F ,Soldier,N/A,,,
Messenger,C_Man_Messenger_01_F ,Soldier,N/A,,,
MH-6M Little Bird,RHS_MELB_MH6M,Vehicle,N/A,,,
MH-9 Hummingbird,B_Heli_Light_01_F,Vehicle - Aircraft,N/A,,,
MH-9 Hummingbird,B_Heli_Light_01_F ,Vehicle - Aircraft,N/A,,,
MH-9 Hummingbird (Stripped),B_Heli_Light_01_stripped_F ,Vehicle - Aircraft,N/A,,,
"Mi-280 Taru (Ammo, Black)",O_Heli_Transport_04_ammo_black_F ,Vehicle - Aircraft,N/A,,,
"Mi-280 Taru (Bench, Black)",O_Heli_Transport_04_bench_black_F ,Vehicle - Aircraft,N/A,,,
Mi-280 Taru (Black),O_Heli_Transport_04_black_F ,Vehicle - Aircraft,N/A,,,
"Mi-280 Taru (Cargo, Black)",O_Heli_Transport_04_box_black_F ,Vehicle - Aircraft,N/A,,,
"Mi-280 Taru (Fuel, Black)",O_Heli_Transport_04_fuel_black_F ,Vehicle - Aircraft,N/A,,,
"Mi-280 Taru (Medical, Black)",O_Heli_Transport_04_medevac_black_F ,Vehicle - Aircraft,N/A,,,
"Mi-280 Taru (Repair, Black)",O_Heli_Transport_04_repair_black_F ,Vehicle - Aircraft,N/A,,,
"Mi-280 Taru (Transport, Black)",O_Heli_Transport_04_covered_black_F ,Vehicle - Aircraft,N/A,,,
Mi-290 Taru,B_Heli_Transport_04_F ,Vehicle - Aircraft,N/A,,,
Mi-290 Taru,O_Heli_Transport_04_F ,Vehicle - Aircraft,N/A,,,
Mi-290 Taru (Ammo),O_Heli_Transport_04_ammo_F ,Vehicle - Aircraft,N/A,,,
Mi-290 Taru (Bench),O_Heli_Transport_04_bench_F ,Vehicle - Aircraft,N/A,,,
Mi-290 Taru (Cargo),O_Heli_Transport_04_box_F ,Vehicle - Aircraft,N/A,,,
Mi-290 Taru (Fuel),O_Heli_Transport_04_fuel_F ,Vehicle - Aircraft,N/A,,,
Mi-290 Taru (Medical),O_Heli_Transport_04_medevac_F ,Vehicle - Aircraft,N/A,,,
Mi-290 Taru (Repair),O_Heli_Transport_04_repair_F ,Vehicle - Aircraft,N/A,,,
Mi-290 Taru (Transport),B_Heli_Transport_04_covered_F ,Vehicle - Aircraft,N/A,,,
Mi-290 Taru (Transport),O_Heli_Transport_04_covered_F ,Vehicle - Aircraft,N/A,,,
Mi-48 Kajman,B_Heli_Attack_02_dynamicLoadout_F ,Vehicle - Aircraft,N/A,,,
Mi-48 Kajman,O_Heli_Attack_02_dynamicLoadout_F ,Vehicle - Aircraft,N/A,,,
Mi-48 Kajman,O_Heli_Attack_02_F ,Vehicle - Aircraft,N/A,,,
Mi-48 Kajman (Black),O_Heli_Attack_02_black_F ,Vehicle - Aircraft,N/A,,,
Mi-48 Kajman (Black),O_Heli_Attack_02_dynamicLoadout_black_F ,Vehicle - Aircraft,N/A,,,
Military Police Officer,I_E_Soldier_MP_F ,Soldier,N/A,,,
Military Scientist,I_E_Scientist_F ,Soldier,N/A,,,
Military Scientist (Unarmed),I_E_Scientist_Unarmed_F ,Soldier,N/A,,,
Militia Leader,I_E_Militiaman_Leader_F ,Soldier,N/A,,,
Militiaman (Medikit),I_C_Soldier_Para_3_F ,Soldier,N/A,,,
Militiaman (Rifle),I_E_Militiaman_Rifle_F ,Soldier,N/A,,,
Militiaman (SMG),I_E_Militiaman_SMG_F ,Soldier,N/A,,,
Miller,B_CTRG_Miller_F ,Soldier,N/A,,,
Miller,B_Story_SF_Captain_F ,Soldier,N/A,,,
Miller,I_G_Story_SF_Captain_F ,Soldier,N/A,,,
MIM-145 Defender,B_SAM_System_03_F,Stationary,N/A,,,
MIM-145 Defender,B_SAM_System_03_F ,Stationary,N/A,,,
MIM-145 Defender,I_E_SAM_System_03_F ,Stationary,N/A,,,
Mine Specialist,B_soldier_mine_F ,Soldier,N/A,,,
Mine Specialist,B_T_soldier_mine_F ,Soldier,N/A,,,
Mine Specialist,B_W_soldier_mine_F ,Soldier,N/A,,,
Mine Specialist,I_E_soldier_Mine_F ,Soldier,N/A,,,
Mine Specialist,I_soldier_mine_F ,Soldier,N/A,,,
Mine Specialist,O_soldier_mine_F ,Soldier,N/A,,,
Mine Specialist,O_T_soldier_mine_F ,Soldier,N/A,,,
Missile Specialist (AA),B_soldier_AA_F ,Soldier,N/A,,,
Missile Specialist (AA),B_T_Soldier_AA_F ,Soldier,N/A,,,
Missile Specialist (AA),B_W_Soldier_AA_F ,Soldier,N/A,,,
Missile Specialist (AA),I_E_Soldier_AA_F ,Soldier,N/A,,,
Missile Specialist (AA),I_Soldier_AA_F ,Soldier,N/A,,,
Missile Specialist (AA),O_A_soldier_AA_F ,Soldier,N/A,,,
Missile Specialist (AA),O_Soldier_AA_F ,Soldier,N/A,,,
Missile Specialist (AA),O_soldierU_AA_F ,Soldier,N/A,,,
Missile Specialist (AA),O_T_Soldier_AA_F ,Soldier,N/A,,,
Missile Specialist (AT),B_Patrol_Soldier_AT_F ,Soldier,N/A,,,
Missile Specialist (AT),B_soldier_AT_F ,Soldier,N/A,,,
Missile Specialist (AT),B_T_Soldier_AT_F ,Soldier,N/A,,,
Missile Specialist (AT),B_W_Soldier_AT_F ,Soldier,N/A,,,
Missile Specialist (AT),I_E_Soldier_AT_F ,Soldier,N/A,,,
Missile Specialist (AT),I_Soldier_AT_F ,Soldier,N/A,,,
Missile Specialist (AT),O_A_soldier_AT_F ,Soldier,N/A,,,
Missile Specialist (AT),O_Soldier_AT_F ,Soldier,N/A,,,
Missile Specialist (AT),O_soldierU_AT_F ,Soldier,N/A,,,
Missile Specialist (AT),O_T_Soldier_AT_F ,Soldier,N/A,,,
Mk.V SOCOM,rhsusf_mkvsoc,Vehicle,N/A,,,
Mk21 Centurion,B_SAM_System_02_F ,Stationary,N/A,,,
Mk30 HMG .50,B_HMG_01_F ,Stationary,N/A,,,
Mk30 HMG .50,B_T_HMG_01_F ,Stationary,N/A,,,
Mk30 HMG .50,I_E_HMG_01_F ,Stationary,N/A,,,
Mk30 HMG .50,I_HMG_01_F ,Stationary,N/A,,,
Mk30 HMG .50,O_HMG_01_F ,Stationary,N/A,,,
Mk30 HMG .50 (Autonomous),B_HMG_01_A_F,Stationary,N/A,,,
Mk30 HMG .50 (Raised),B_HMG_01_high_F,Stationary,N/A,,,
Mk30 HMG .50 (Raised),B_HMG_01_high_F ,Stationary,N/A,,,
Mk30 HMG .50 (Raised),I_E_HMG_01_high_F ,Stationary,N/A,,,
Mk30 HMG .50 (Raised),I_HMG_01_high_F ,Stationary,N/A,,,
Mk30 HMG .50 (Raised),O_HMG_01_high_F ,Stationary,N/A,,,
Mk30A HMG .50,B_HMG_01_A_F ,Stationary,N/A,,,
Mk30A HMG .50,B_HMG_01_F,Stationary,N/A,,,
Mk30A HMG .50,I_E_HMG_01_A_F ,Stationary,N/A,,,
Mk30A HMG .50,I_HMG_01_A_F ,Stationary,N/A,,,
Mk30A HMG .50,O_HMG_01_A_F ,Stationary,N/A,,,
Mk32 GMG 20 mm,B_GMG_01_F ,Stationary,N/A,,,
Mk32 GMG 20 mm,B_T_GMG_01_F ,Stationary,N/A,,,
Mk32 GMG 20 mm,I_E_GMG_01_F ,Stationary,N/A,,,
Mk32 GMG 20 mm,I_GMG_01_F ,Stationary,N/A,,,
Mk32 GMG 20 mm,O_GMG_01_F ,Stationary,N/A,,,
Mk32 GMG 20 mm (Raised),B_GMG_01_high_F ,Stationary,N/A,,,
Mk32 GMG 20 mm (Raised),I_E_GMG_01_high_F ,Stationary,N/A,,,
Mk32 GMG 20 mm (Raised),I_GMG_01_high_F ,Stationary,N/A,,,
Mk32 GMG 20 mm (Raised),O_GMG_01_high_F ,Stationary,N/A,,,
Mk32 GMG 20mm (Autonomous),B_GMG_01_A_F,Stationary,N/A,,,
Mk32 GMG 20mm (Raised),B_GMG_01_high_F,Stationary,N/A,,,
Mk32A GMG 20 mm,B_GMG_01_A_F ,Stationary,N/A,,,
Mk32A GMG 20 mm,I_E_GMG_01_A_F ,Stationary,N/A,,,
Mk32A GMG 20 mm,I_GMG_01_A_F ,Stationary,N/A,,,
Mk32A GMG 20 mm,O_GMG_01_A_F ,Stationary,N/A,,,
Mk32A GMG 20mm,B_GMG_01_F,Stationary,N/A,,,
Mk41 VLS,B_Ship_MRLS_01_F ,Stationary,N/A,,,
Mk45 Hammer,B_Ship_Gun_01_F ,Stationary,N/A,,,
Mk49 Spartan,B_SAM_System_01_F ,Stationary,N/A,,,
Mk6 Mortar,B_G_Mortar_01_F ,Stationary,N/A,,,
Mk6 Mortar,B_Mortar_01_F,Stationary,N/A,,,
Mk6 Mortar,B_Mortar_01_F ,Stationary,N/A,,,
Mk6 Mortar,B_T_Mortar_01_F ,Stationary,N/A,,,
Mk6 Mortar,I_E_Mortar_01_F ,Stationary,N/A,,,
Mk6 Mortar,I_G_Mortar_01_F ,Stationary,N/A,,,
Mk6 Mortar,I_Mortar_01_F ,Stationary,N/A,,,
Mk6 Mortar,O_G_Mortar_01_F ,Stationary,N/A,,,
Mk6 Mortar,O_Mortar_01_F ,Stationary,N/A,,,
ModuleCurator_F,ModuleCurator_F,Blacklist,N/A,,,
ModuleHideTerrainObjects_F,ModuleHideTerrainObjects_F,Blacklist,N/A,,,
ModuleSkiptime_F,ModuleSkiptime_F,Blacklist,N/A,,,
ModuleTimeMultiplier_F,ModuleTimeMultiplier_F,Blacklist,N/A,,,
Motorboat,C_Boat_Civil_01_F ,Vehicle - Watercraft,N/A,,,
Motorboat (Police),C_Boat_Civil_01_police_F ,Vehicle - Watercraft,N/A,,,
Motorboat (Rescue),C_Boat_Civil_01_rescue_F ,Vehicle - Watercraft,N/A,,,
MQ-12 Falcon,B_T_UAV_03_dynamicLoadout_F ,Vehicle - Aircraft,N/A,,,
MQ-12 Falcon,B_T_UAV_03_F ,Vehicle - Aircraft,N/A,,,
MQ-12 Falcon,B_T_UAV_03_dynamicLoadout_F,Vehicle - Civilian,N/A,,,
MQ-4A Greyhawk,B_UAV_02_dynamicLoadout_F,Vehicle,N/A,,,
MQ-4A Greyhawk,B_UAV_02_dynamicLoadout_F ,Vehicle - Aircraft,N/A,,,
MQ-4A Greyhawk,B_UAV_02_F ,Vehicle - Aircraft,N/A,,,
MQ-4A Greyhawk (CAS),B_UAV_02_CAS_F ,Vehicle - Aircraft,N/A,,,
MQ-9 Reaper,USAF_MQ9,Vehicle,N/A,,,
MSE-3 Marid,O_APC_Wheeled_02_rcws_F ,Vehicle - Armored,N/A,,,
MSE-3 Marid,O_APC_Wheeled_02_rcws_v2_F ,Vehicle - Armored,N/A,,,
MSE-3 Marid,O_T_APC_Wheeled_02_rcws_ghex_F ,Vehicle - Armored,N/A,,,
MSE-3 Marid,O_T_APC_Wheeled_02_rcws_v2_ghex_F ,Vehicle - Armored,N/A,,,
Namdar,O_Story_Colonel_F ,Soldier,N/A,,,
Newspaper_01_F,Newspaper_01_F,Unknown,N/A,,,
Nikos,C_Nikos ,Soldier,N/A,,,
Nikos (Formal),C_Nikos_aged ,Soldier,N/A,,,
Nonsteerable Parachute,NonSteerable_Parachute_F ,Vehicle - Aircraft,N/A,,,
Northgate,B_CTRG_soldier_GL_LAT_F ,Soldier,N/A,,,
Novak,B_Story_Engineer_F ,Soldier,N/A,,,
NVG target,NVG_TargetE ,Unknown,N/A,,,
NVG target,NVG_TargetG ,Unknown,N/A,,,
NVG target,NVG_TargetW ,Unknown,N/A,,,
O_Heli_Attack_02_black_F,O_Heli_Attack_02_black_F,Unknown,N/A,,,
O_Heli_Attack_02_dynamicLoadout_F,O_Heli_Attack_02_dynamicLoadout_F,Vehicle - Aircraft,N/A,,,
O_Heli_Attack_02_F,O_Heli_Attack_02_F,Vehicle - Aircraft,N/A,,,
O_Plane_CAS_02_F,O_Plane_CAS_02_F,Unknown,N/A,,,
O'Connor,B_CTRG_Sharphooter_F ,Soldier,N/A,,,
Officer,B_G_officer_F ,Soldier,N/A,,,
Officer,B_officer_F ,Soldier,N/A,,,
Officer,B_T_Officer_F ,Soldier,N/A,,,
Officer,B_W_Officer_F ,Soldier,N/A,,,
Officer,I_E_Officer_F ,Soldier,N/A,,,
Officer,I_G_officer_F ,Soldier,N/A,,,
Officer,I_officer_F ,Soldier,N/A,,,
Officer,O_A_officer_F ,Soldier,N/A,,,
Officer,O_G_officer_F ,Soldier,N/A,,,
Officer,O_officer_F ,Soldier,N/A,,,
Officer,O_T_Officer_F ,Soldier,N/A,,,
Offroad,B_G_Offroad_01_F ,Vehicle,N/A,,,
Offroad,B_GEN_Offroad_01_gen_F ,Vehicle,N/A,,,
Offroad,C_Offroad_01_F ,Vehicle,N/A,,,
Offroad,C_Offroad_default_F ,Vehicle,N/A,,,
Offroad,I_E_Offroad_01_EMP_F ,Vehicle,N/A,,,
Offroad,I_E_Offroad_01_F ,Vehicle,N/A,,,
Offroad,I_G_Offroad_01_F ,Vehicle,N/A,,,
Offroad,O_G_Offroad_01_F ,Vehicle - Civilian,N/A,,,
Offroad (AT),B_G_Offroad_01_AT_F ,Vehicle,N/A,,,
Offroad (AT),I_G_Offroad_01_AT_F ,Vehicle,N/A,,,
Offroad (AT),O_G_Offroad_01_AT_F ,Vehicle - Civilian,N/A,,,
Offroad (Beige),C_Offroad_01_sand_F ,Vehicle - Civilian,N/A,,,
Offroad (Blue Custom),C_Offroad_01_bluecustom_F ,Vehicle - Civilian,N/A,,,
Offroad (Blue),C_Offroad_01_blue_F ,Vehicle - Civilian,N/A,,,
Offroad (Comms),B_GEN_Offroad_01_comms_F ,Vehicle,N/A,,,
Offroad (Comms),C_Offroad_01_comms_F ,Vehicle,N/A,,,
Offroad (Comms),I_E_Offroad_01_comms_F ,Vehicle,N/A,,,
Offroad (Covered),B_GEN_Offroad_01_covered_F ,Vehicle,N/A,,,
Offroad (Covered),C_Offroad_01_covered_F ,Vehicle,N/A,,,
Offroad (Covered),I_E_Offroad_01_covered_EMP_F ,Vehicle,N/A,,,
Offroad (Covered),I_E_Offroad_01_covered_F ,Vehicle,N/A,,,
Offroad (Dark Red),C_Offroad_01_darkred_F ,Vehicle - Civilian,N/A,,,
Offroad (HMG),B_G_Offroad_01_armed_F ,Vehicle,N/A,,,
Offroad (HMG),I_G_Offroad_01_armed_F ,Vehicle,N/A,,,
Offroad (HMG),O_G_Offroad_01_armed_F ,Vehicle - Military,N/A,,,
Offroad (Luxe),C_Offroad_luxe_F ,Vehicle - Civilian,N/A,,,
Offroad (Red),C_Offroad_01_red_F ,Vehicle - Civilian,N/A,,,
Offroad (Repair),B_G_Offroad_01_repair_F ,Vehicle,N/A,,,
Offroad (Repair),I_G_Offroad_01_repair_F ,Vehicle,N/A,,,
Offroad (Repair),O_G_Offroad_01_repair_F ,Vehicle - Support,N/A,,,
Offroad (Services),C_Offroad_01_repair_F ,Vehicle - Civilian,N/A,,,
Offroad (Stripped-down),C_Offroad_stripped_F ,Vehicle - Civilian,N/A,,,
Offroad (White),C_Offroad_01_white_F ,Vehicle - Civilian,N/A,,,
OmniDirectionalAntenna_01_olive_F,OmniDirectionalAntenna_01_olive_F,Unknown,N/A,,,
Oppressor (Machine Gun),I_C_Soldier_Para_4_F ,Soldier,N/A,,,
Orestes,C_Orestes ,Soldier,N/A,,,
Para Trooper,B_soldier_PG_F,Soldier,N/A,,,
Para Trooper,B_soldier_PG_F ,Soldier,N/A,,,
Para Trooper,B_T_Soldier_PG_F ,Soldier,N/A,,,
Para Trooper,O_soldier_PG_F ,Soldier,N/A,,,
Para Trooper,O_T_Soldier_PG_F ,Soldier,N/A,,,
Paramedic,B_CTRG_Soldier_Medic_tna_F ,Soldier,N/A,,,
Paramedic,C_Man_Paramedic_01_F ,Soldier,N/A,,,
Paramedic,C_Paramedic_01_base_F ,Soldier,N/A,,,
Pathfinder,I_E_Soldier_Pathfinder_F ,Soldier,N/A,,,
Pettka,B_Captain_Pettka_F ,Soldier,N/A,,,
Pilot,B_Pilot_F,Soldier,N/A,,,
Pilot,B_Pilot_F ,Soldier,N/A,,,
Pilot,B_T_Pilot_F ,Soldier,N/A,,,
Pilot,C_man_pilot_F ,Soldier,N/A,,,
Pilot,I_C_Pilot_F ,Soldier,N/A,,,
Pilot,I_pilot_F ,Soldier,N/A,,,
Pilot,O_Pilot_F ,Soldier,N/A,,,
Pilot,O_T_Pilot_F ,Soldier,N/A,,,
Plane_Fighter_02_Canopy_F,Plane_Fighter_02_Canopy_F,Vehicle - Aircraft,N/A,,,
PO-30 Orca,O_Heli_Light_02_dynamicLoadout_F ,Vehicle - Aircraft,N/A,,,
PO-30 Orca,O_Heli_Light_02_F ,Vehicle - Aircraft,N/A,,,
PO-30 Orca (Black & White),O_Heli_Light_02_v2_F ,Vehicle - Aircraft,N/A,,,
PO-30 Orca (Unarmed),B_Heli_Light_02_unarmed_F ,Vehicle - Aircraft,N/A,,,
PO-30 Orca (Unarmed),O_Heli_Light_02_unarmed_F ,Vehicle - Aircraft,N/A,,,
PortableHelipadLight_01_blue_F,PortableHelipadLight_01_blue_F,Unknown,N/A,,,
PortableHelipadLight_01_green_F,PortableHelipadLight_01_green_F,Blacklist,N/A,,,
PortableHelipadLight_01_red_F,PortableHelipadLight_01_red_F,Blacklist,N/A,,,
Praetorian 1C,B_AAA_System_01_F ,Stationary,N/A,,,
Prowler,B_LSV_01_unarmed_F,Vehicle,N/A,,,
Prowler (AT),B_LSV_01_AT_F,Vehicle,N/A,,,
Prowler (AT),B_LSV_01_AT_F ,Vehicle,N/A,,,
Prowler (AT),B_T_LSV_01_AT_F ,Vehicle,N/A,,,
Prowler (HMG),B_LSV_01_armed_black_F ,Vehicle,N/A,,,
Prowler (HMG),B_LSV_01_armed_F,Vehicle,N/A,,,
Prowler (HMG),B_LSV_01_armed_F ,Vehicle,N/A,,,
Prowler (HMG),B_LSV_01_armed_olive_F ,Vehicle,N/A,,,
Prowler (HMG),B_LSV_01_armed_sand_F ,Vehicle,N/A,,,
Prowler (HMG),B_T_LSV_01_armed_black_F ,Vehicle,N/A,,,
Prowler (HMG),B_T_LSV_01_armed_CTRG_F ,Vehicle,N/A,,,
Prowler (HMG),B_T_LSV_01_armed_F ,Vehicle,N/A,,,
Prowler (HMG),B_T_LSV_01_armed_olive_F ,Vehicle,N/A,,,
Prowler (HMG),B_T_LSV_01_armed_sand_F ,Vehicle,N/A,,,
Prowler (Light),B_CTRG_LSV_01_light_F ,Vehicle,N/A,,,
Prowler (Unarmed),B_LSV_01_unarmed_black_F ,Vehicle,N/A,,,
Prowler (Unarmed),B_LSV_01_unarmed_F ,Vehicle,N/A,,,
Prowler (Unarmed),B_LSV_01_unarmed_olive_F ,Vehicle,N/A,,,
Prowler (Unarmed),B_LSV_01_unarmed_sand_F ,Vehicle,N/A,,,
Prowler (Unarmed),B_T_LSV_01_unarmed_black_F ,Vehicle,N/A,,,
Prowler (Unarmed),B_T_LSV_01_unarmed_CTRG_F ,Vehicle,N/A,,,
Prowler (Unarmed),B_T_LSV_01_unarmed_F ,Vehicle,N/A,,,
Prowler (Unarmed),B_T_LSV_01_unarmed_olive_F ,Vehicle,N/A,,,
Prowler (Unarmed),B_T_LSV_01_unarmed_sand_F ,Vehicle,N/A,,,
Qilin (AT),O_LSV_02_AT_F ,Vehicle,N/A,,,
Qilin (AT),O_T_LSV_02_AT_F ,Vehicle,N/A,,,
Qilin (Minigun),O_LSV_02_armed_arid_F ,Vehicle,N/A,,,
Qilin (Minigun),O_LSV_02_armed_black_F ,Vehicle,N/A,,,
Qilin (Minigun),O_LSV_02_armed_F ,Vehicle,N/A,,,
Qilin (Minigun),O_LSV_02_armed_ghex_F ,Vehicle,N/A,,,
Qilin (Minigun),O_LSV_02_armed_viper_F ,Vehicle,N/A,,,
Qilin (Minigun),O_T_LSV_02_armed_arid_F ,Vehicle,N/A,,,
Qilin (Minigun),O_T_LSV_02_armed_black_F ,Vehicle,N/A,,,
Qilin (Minigun),O_T_LSV_02_armed_F ,Vehicle,N/A,,,
Qilin (Minigun),O_T_LSV_02_armed_ghex_F ,Vehicle,N/A,,,
Qilin (Minigun),O_T_LSV_02_armed_viper_F ,Vehicle,N/A,,,
Qilin (Unarmed),O_LSV_02_unarmed_arid_F ,Vehicle,N/A,,,
Qilin (Unarmed),O_LSV_02_unarmed_black_F ,Vehicle,N/A,,,
Qilin (Unarmed),O_LSV_02_unarmed_F ,Vehicle,N/A,,,
Qilin (Unarmed),O_LSV_02_unarmed_ghex_F ,Vehicle,N/A,,,
Qilin (Unarmed),O_LSV_02_unarmed_viper_F ,Vehicle,N/A,,,
Qilin (Unarmed),O_T_LSV_02_unarmed_arid_F ,Vehicle,N/A,,,
Qilin (Unarmed),O_T_LSV_02_unarmed_black_F ,Vehicle,N/A,,,
Qilin (Unarmed),O_T_LSV_02_unarmed_F ,Vehicle,N/A,,,
Qilin (Unarmed),O_T_LSV_02_unarmed_ghex_F ,Vehicle,N/A,,,
Qilin (Unarmed),O_T_LSV_02_unarmed_viper_F ,Vehicle,N/A,,,
Quad Bike,B_T_Quadbike_01_F ,Vehicle,N/A,,,
Quad Bike,C_Quadbike_01_F ,Vehicle,N/A,,,
Quad Bike,I_E_Quadbike_01_F ,Vehicle,N/A,,,
Quad Bike,I_G_Quadbike_01_F ,Vehicle,N/A,,,
Quad Bike,I_Quadbike_01_F ,Vehicle,N/A,,,
Quad Bike,O_T_Quadbike_01_ghex_F ,Vehicle,N/A,,,
Quad Bike,B_Quadbike_01_F,Vehicle - Bike,N/A,,,
Quad Bike,B_G_Quadbike_01_F ,Vehicle - BikeMoto,N/A,,,
Quad Bike,B_Quadbike_01_F ,Vehicle - BikeMoto,N/A,,,
Quad Bike,O_G_Quadbike_01_F ,Vehicle - BikeMoto,N/A,,,
Quad Bike,O_Quadbike_01_F ,Vehicle - BikeMoto,N/A,,,
Quad Bike (Black),C_Quadbike_01_black_F ,Vehicle - BikeMoto,N/A,,,
Quad Bike (Blue),C_Quadbike_01_blue_F ,Vehicle - BikeMoto,N/A,,,
Quad Bike (Red),C_Quadbike_01_red_F ,Vehicle - BikeMoto,N/A,,,
Quad Bike (White),C_Quadbike_01_white_F ,Vehicle - BikeMoto,N/A,,,
R-750 Cronus Radar,O_Radar_System_02_F ,Stationary,N/A,,,
Rabbit_F,Rabbit_F,Blacklist,N/A,,,
Radio Operator,B_W_RadioOperator_EMP_F ,Soldier,N/A,,,
Radio Operator,B_W_RadioOperator_F ,Soldier,N/A,,,
Radio Operator,I_E_RadioOperator_EMP_F ,Soldier,N/A,,,
Radio Operator,I_E_RadioOperator_F ,Soldier,N/A,,,
Raider (UGL),I_C_Soldier_Para_6_F ,Soldier,N/A,,,
Range Master,B_RangeMaster_F ,Soldier,N/A,,,
Recon Autorifleman,O_R_recon_AR_F ,Soldier,N/A,,,
Recon Demo Specialist,B_recon_exp_F ,Soldier,N/A,,,
Recon Demo Specialist,B_T_Recon_Exp_F ,Soldier,N/A,,,
Recon Demo Specialist,O_R_recon_exp_F ,Soldier,N/A,,,
Recon Demo Specialist,O_recon_exp_F ,Soldier,N/A,,,
Recon Demo Specialist,O_T_Recon_Exp_F ,Soldier,N/A,,,
Recon Demolition Expert,B_recon_exp_F,Soldier,N/A,,,
Recon Grenadier,O_R_recon_GL_F ,Soldier,N/A,,,
Recon JTAC,B_recon_JTAC_F ,Soldier,N/A,,,
Recon JTAC,B_T_Recon_JTAC_F ,Soldier,N/A,,,
Recon JTAC,O_R_recon_JTAC_F ,Soldier,N/A,,,
Recon JTAC,O_recon_JTAC_F ,Soldier,N/A,,,
Recon JTAC,O_T_Recon_JTAC_F ,Soldier,N/A,,,
Recon Marksman,B_recon_M_F,Soldier,N/A,,,
Recon Marksman,B_recon_M_F ,Soldier,N/A,,,
Recon Marksman,B_T_Recon_M_F ,Soldier,N/A,,,
Recon Marksman,O_R_recon_M_F ,Soldier,N/A,,,
Recon Marksman,O_recon_M_F ,Soldier,N/A,,,
Recon Marksman,O_T_Recon_M_F ,Soldier,N/A,,,
Recon Paramedic,B_recon_medic_F,Soldier,N/A,,,
Recon Paramedic,B_recon_medic_F ,Soldier,N/A,,,
Recon Paramedic,B_T_Recon_Medic_F ,Soldier,N/A,,,
Recon Paramedic,O_R_recon_medic_F ,Soldier,N/A,,,
Recon Paramedic,O_recon_medic_F ,Soldier,N/A,,,
Recon Paramedic,O_T_Recon_Medic_F ,Soldier,N/A,,,
Recon Pathfinder,O_Pathfinder_F ,Soldier,N/A,,,
Recon Scout,B_recon_F,Soldier,N/A,,,
Recon Scout,B_recon_F ,Soldier,N/A,,,
Recon Scout,B_T_Recon_F ,Soldier,N/A,,,
Recon Scout,O_recon_F ,Soldier,N/A,,,
Recon Scout,O_T_Recon_F ,Soldier,N/A,,,
Recon Scout (AT),B_recon_LAT_F,Soldier,N/A,,,
Recon Scout (AT),B_recon_LAT_F ,Soldier,N/A,,,
Recon Scout (AT),B_T_Recon_LAT_F ,Soldier,N/A,,,
Recon Scout (AT),O_R_recon_LAT_F ,Soldier,N/A,,,
Recon Scout (AT),O_recon_LAT_F ,Soldier,N/A,,,
Recon Scout (AT),O_T_Recon_LAT_F ,Soldier,N/A,,,
Recon Sharpshooter,B_Recon_Sharpshooter_F,Soldier,N/A,,,
Recon Sharpshooter,B_Recon_Sharpshooter_F ,Soldier,N/A,,,
Recon Team Leader,B_recon_TL_F ,Soldier,N/A,,,
Recon Team Leader,B_T_Recon_TL_F ,Soldier,N/A,,,
Recon Team Leader,O_R_recon_TL_F ,Soldier,N/A,,,
Recon Team Leader,O_recon_TL_F ,Soldier,N/A,,,
Recon Team Leader,O_T_Recon_TL_F ,Soldier,N/A,,,
Remote Designator [CSAT],O_Static_Designator_02_F ,Stationary,N/A,,,
Remote Designator [NATO],B_Static_Designator_01_F ,Stationary,N/A,,,
Remote Designator [NATO],B_W_Static_Designator_01_F ,Stationary,N/A,,,
Repair Specialist,B_soldier_repair_F ,Soldier,N/A,,,
Repair Specialist,B_T_Soldier_Repair_F ,Soldier,N/A,,,
Repair Specialist,B_W_Soldier_Repair_F ,Soldier,N/A,,,
Repair Specialist,I_E_Soldier_Repair_F ,Soldier,N/A,,,
Repair Specialist,I_Soldier_repair_F ,Soldier,N/A,,,
Repair Specialist,O_soldier_repair_F ,Soldier,N/A,,,
Repair Specialist,O_soldierU_repair_F ,Soldier,N/A,,,
Repair Specialist,O_T_Soldier_Repair_F ,Soldier,N/A,,,
Rescue Boat,B_Lifeboat ,Vehicle - Watercraft,N/A,,,
Rescue Boat,B_T_Lifeboat ,Vehicle - Watercraft,N/A,,,
Rescue Boat,C_Rubberboat ,Vehicle - Watercraft,N/A,,,
Rescue Boat,O_Lifeboat ,Vehicle - Watercraft,N/A,,,
Rescue Boat,O_T_Lifeboat ,Vehicle - Watercraft,N/A,,,
Resistance Commander placeholder,I_G_resistanceCommander_F ,Soldier,N/A,,,
Respawn_truck_typename,Respawn_truck_typename,Vehicle - Support,N/A,,,
RHIB,B_G_Boat_Transport_02_F ,Vehicle - Watercraft,N/A,,,
RHIB,C_Boat_Transport_02_F ,Vehicle - Watercraft,N/A,,,
RHIB,I_C_Boat_Transport_02_F ,Vehicle - Watercraft,N/A,,,
RHIB,I_G_Boat_Transport_02_F ,Vehicle - Watercraft,N/A,,,
RHIB,O_G_Boat_Transport_02_F ,Vehicle - Watercraft,N/A,,,
Rhino MGS,B_AFV_Wheeled_01_cannon_F,Vehicle,N/A,,,
Rhino MGS,B_AFV_Wheeled_01_cannon_F ,Vehicle - Armored,N/A,,,
Rhino MGS,B_T_AFV_Wheeled_01_cannon_F ,Vehicle - Armored,N/A,,,
Rhino MGS UP,B_AFV_Wheeled_01_up_cannon_F,Vehicle,N/A,,,
Rhino MGS UP,B_AFV_Wheeled_01_up_cannon_F ,Vehicle - Armored,N/A,,,
Rhino MGS UP,B_T_AFV_Wheeled_01_up_cannon_F ,Vehicle - Armored,N/A,,,
Rifleman,B_CBRN_Man_Oversuit_01_MTP_F ,Soldier,N/A,,,
Rifleman,B_CBRN_Man_Oversuit_01_Tropic_F ,Soldier,N/A,,,
Rifleman,B_CBRN_Man_Oversuit_01_Wdl_F ,Soldier,N/A,,,
Rifleman,B_CombatFatigues_01_wdl_F ,Soldier,N/A,,,
Rifleman,B_G_Soldier_F ,Soldier,N/A,,,
Rifleman,B_Soldier_F,Soldier,N/A,,,
Rifleman,B_Soldier_F ,Soldier,N/A,,,
Rifleman,B_T_Soldier_F ,Soldier,N/A,,,
Rifleman,B_W_Soldier_EMP_F ,Soldier,N/A,,,
Rifleman,B_W_Soldier_F ,Soldier,N/A,,,
Rifleman,C_CBRN_Man_Oversuit_01_Blue_F ,Soldier,N/A,,,
Rifleman,C_CBRN_Man_Oversuit_01_White_F ,Soldier,N/A,,,
Rifleman,I_CBRN_Man_Oversuit_01_AAF_F ,Soldier,N/A,,,
Rifleman,I_E_CBRN_Man_Oversuit_01_EAF_F ,Soldier,N/A,,,
Rifleman,I_E_Soldier_EMP_F ,Soldier,N/A,,,
Rifleman,I_E_Soldier_F ,Soldier,N/A,,,
Rifleman,I_E_Uniform_01_coveralls_F ,Soldier,N/A,,,
Rifleman,I_E_Uniform_01_F ,Soldier,N/A,,,
Rifleman,I_E_Uniform_01_officer_F ,Soldier,N/A,,,
Rifleman,I_E_Uniform_01_shortsleeve_F ,Soldier,N/A,,,
Rifleman,I_E_Uniform_01_sweater_F ,Soldier,N/A,,,
Rifleman,I_E_Uniform_01_tanktop_F ,Soldier,N/A,,,
Rifleman,I_G_Soldier_F ,Soldier,N/A,,,
Rifleman,I_soldier_F ,Soldier,N/A,,,
Rifleman,O_A_soldier_F ,Soldier,N/A,,,
Rifleman,O_G_Soldier_F ,Soldier,N/A,,,
Rifleman,O_R_Gorka_base_F ,Soldier,N/A,,,
Rifleman,O_R_Gorka_black_F ,Soldier,N/A,,,
Rifleman,O_R_Gorka_brown_F ,Soldier,N/A,,,
Rifleman,O_R_Gorka_camo_F ,Soldier,N/A,,,
Rifleman,O_R_Gorka_F ,Soldier,N/A,,,
Rifleman,O_Soldier_F ,Soldier,N/A,,,
Rifleman,O_soldierU_F ,Soldier,N/A,,,
Rifleman,O_T_Soldier_F ,Soldier,N/A,,,
Rifleman (AT),B_G_Soldier_LAT_F ,Soldier,N/A,,,
Rifleman (AT),B_soldier_LAT_F,Soldier,N/A,,,
Rifleman (AT),B_soldier_LAT_F ,Soldier,N/A,,,
Rifleman (AT),B_T_Soldier_LAT_F ,Soldier,N/A,,,
Rifleman (AT),B_W_Soldier_LAT_F ,Soldier,N/A,,,
Rifleman (AT),I_E_Soldier_LAT_F ,Soldier,N/A,,,
Rifleman (AT),I_G_Soldier_LAT_F ,Soldier,N/A,,,
Rifleman (AT),I_Soldier_LAT_F ,Soldier,N/A,,,
Rifleman (AT),O_A_soldier_LAT_F ,Soldier,N/A,,,
Rifleman (AT),O_G_Soldier_LAT_F ,Soldier,N/A,,,
Rifleman (AT),O_R_Patrol_Soldier_LAT_F ,Soldier,N/A,,,
Rifleman (AT),O_R_Soldier_LAT_F ,Soldier,N/A,,,
Rifleman (AT),O_Soldier_LAT_F ,Soldier,N/A,,,
Rifleman (AT),O_soldierU_LAT_F ,Soldier,N/A,,,
Rifleman (AT),O_T_Soldier_LAT_F ,Soldier,N/A,,,
Rifleman (Heavy AT),O_Soldier_HAT_F ,Soldier,N/A,,,
Rifleman (Heavy AT),O_T_Soldier_HAT_F ,Soldier,N/A,,,
Rifleman (Light AT),B_CTRG_Soldier_LAT2_tna_F ,Soldier,N/A,,,
Rifleman (Light AT),B_G_Soldier_LAT2_F ,Soldier,N/A,,,
Rifleman (Light AT),B_soldier_LAT2_F ,Soldier,N/A,,,
Rifleman (Light AT),B_T_Soldier_LAT2_F ,Soldier,N/A,,,
Rifleman (Light AT),B_W_Soldier_LAT2_EMP_F ,Soldier,N/A,,,
Rifleman (Light AT),B_W_Soldier_LAT2_F ,Soldier,N/A,,,
Rifleman (Light AT),I_E_Soldier_LAT2_EMP_F ,Soldier,N/A,,,
Rifleman (Light AT),I_E_Soldier_LAT2_F ,Soldier,N/A,,,
Rifleman (Light AT),I_G_Soldier_LAT2_F ,Soldier,N/A,,,
Rifleman (Light AT),I_Soldier_LAT2_F ,Soldier,N/A,,,
Rifleman (Light AT),O_G_Soldier_LAT2_F ,Soldier,N/A,,,
Rifleman (Light),B_G_Soldier_lite_F ,Soldier,N/A,,,
Rifleman (Light),B_Soldier_lite_F,Soldier,N/A,,,
Rifleman (Light),B_Soldier_lite_F ,Soldier,N/A,,,
Rifleman (Light),I_E_Soldier_lite_F ,Soldier,N/A,,,
Rifleman (Light),I_G_Soldier_lite_F ,Soldier,N/A,,,
Rifleman (Light),I_Soldier_lite_F ,Soldier,N/A,,,
Rifleman (Light),O_G_Soldier_lite_F ,Soldier,N/A,,,
Rifleman (Light),O_Soldier_lite_F ,Soldier,N/A,,,
Rifleman (Unarmed),B_G_Soldier_unarmed_F ,Soldier,N/A,,,
Rifleman (Unarmed),B_Soldier_unarmed_F ,Soldier,N/A,,,
Rifleman (Unarmed),B_T_Soldier_unarmed_F ,Soldier,N/A,,,
Rifleman (Unarmed),B_W_Soldier_unarmed_F ,Soldier,N/A,,,
Rifleman (Unarmed),I_C_Soldier_base_unarmed_F ,Soldier,N/A,,,
Rifleman (Unarmed),I_E_Soldier_unarmed_F ,Soldier,N/A,,,
Rifleman (Unarmed),I_G_Soldier_unarmed_F ,Soldier,N/A,,,
Rifleman (Unarmed),I_Soldier_unarmed_F ,Soldier,N/A,,,
Rifleman (Unarmed),O_G_Soldier_unarmed_F ,Soldier,N/A,,,
Rifleman (Unarmed),O_Soldier_unarmed_F ,Soldier,N/A,,,
Rifleman (Unarmed),O_SoldierU_unarmed_F ,Soldier,N/A,,,
Rifleman (Unarmed),O_T_Soldier_unarmed_F ,Soldier,N/A,,,
RQ-4A Global Hawk,USAF_RQ4A,Vehicle,N/A,,,
Rudwell,B_W_Story_Protagonist_01_F ,Soldier,N/A,,,
S-750 Rhea,O_SAM_System_04_F ,Stationary,N/A,,,
Saboteur (Explosives),I_C_Soldier_Para_8_F ,Soldier,N/A,,,
Sayyah ED-1E,O_UGV_02_Science_F ,Vehicle - Aircraft,N/A,,,
Scan Module,B_A_AlienDrone_Module_01_F ,Vehicle - Aircraft,N/A,,,
Scan Module,I_A_AlienDrone_Module_01_F ,Vehicle - Aircraft,N/A,,,
Scan Module,O_A_AlienDrone_Module_01_F ,Vehicle - Aircraft,N/A,,,
Scientist,C_scientist_F ,Soldier,N/A,,,
Scientist (Formal) 1,C_scientist_01_formal_F ,Soldier,N/A,,,
Scientist (Formal) 2,C_scientist_02_formal_F ,Soldier,N/A,,,
Scientist (Informal) 1,C_scientist_01_informal_F ,Soldier,N/A,,,
Scientist (Informal) 2,C_scientist_02_informal_F ,Soldier,N/A,,,
Scout,B_CTRG_Soldier_tna_F ,Soldier,N/A,,,
Scout (AT),B_CTRG_Soldier_LAT_tna_F ,Soldier,N/A,,,
Scout (Rifle),I_C_Soldier_Bandit_5_F ,Soldier,N/A,,,
SDV,B_SDV_01_F,Vehicle,N/A,,,
SDV,B_SDV_01_F ,Vehicle - Watercraft,N/A,,,
SDV,I_SDV_01_F ,Vehicle - Watercraft,N/A,,,
SDV,O_SDV_01_F ,Vehicle - Watercraft,N/A,,,
Sentry Drone,O_UAV_01_Mine_F ,Vehicle - Aircraft,N/A,,,
Severov,O_R_Story_Capitan_01_F ,Soldier,N/A,,,
Sharpshooter,B_G_Sharpshooter_F ,Soldier,N/A,,,
Sharpshooter,B_Sharpshooter_F,Soldier,N/A,,,
Sharpshooter,B_Sharpshooter_F ,Soldier,N/A,,,
Sharpshooter,I_G_Sharpshooter_F ,Soldier,N/A,,,
Sharpshooter,O_G_Sharpshooter_F ,Soldier,N/A,,,
Sharpshooter,O_R_Patrol_Soldier_M_F ,Soldier,N/A,,,
Sharpshooter,O_Sharpshooter_F ,Soldier,N/A,,,
Sharpshooter,O_Urban_Sharpshooter_F ,Soldier,N/A,,,
SLAMDirectionalMine_Wire_Ammo,SLAMDirectionalMine_Wire_Ammo,Unknown,N/A,,,
Smuggler (UGL),I_C_Soldier_Bandit_6_F ,Soldier,N/A,,,
Snake_random_F,Snake_random_F,Blacklist,N/A,,,
Snatcher (Medikit),I_C_Soldier_Bandit_1_F ,Soldier,N/A,,,
Sniper,B_sniper_F,Soldier,N/A,,,
Sniper,B_sniper_F ,Soldier,N/A,,,
Sniper,B_T_Sniper_F ,Soldier,N/A,,,
Sniper,I_Sniper_F ,Soldier,N/A,,,
Sniper,O_sniper_F ,Soldier,N/A,,,
Sniper,O_T_Sniper_F ,Soldier,N/A,,,
Sniper (Arid),B_ghillie_ard_F,Soldier,N/A,,,
Sniper (Arid),B_ghillie_ard_F ,Soldier,N/A,,,
Sniper (Arid),I_ghillie_ard_F ,Soldier,N/A,,,
Sniper (Arid),O_ghillie_ard_F ,Soldier,N/A,,,
Sniper (Jungle),B_T_ghillie_tna_F ,Soldier,N/A,,,
Sniper (Jungle),O_T_ghillie_tna_F ,Soldier,N/A,,,
Sniper (Lush),B_ghillie_lsh_F,Soldier,N/A,,,
Sniper (Lush),B_ghillie_lsh_F ,Soldier,N/A,,,
Sniper (Lush),I_ghillie_lsh_F ,Soldier,N/A,,,
Sniper (Lush),O_ghillie_lsh_F ,Soldier,N/A,,,
Sniper (Semi-Arid),B_ghillie_sard_F,Soldier,N/A,,,
Sniper (Semi-Arid),B_ghillie_sard_F ,Soldier,N/A,,,
Sniper (Semi-Arid),I_ghillie_sard_F ,Soldier,N/A,,,
Sniper (Semi-Arid),O_ghillie_sard_F ,Soldier,N/A,,,
Soldier,B_CTRG_Soldier_universal_F ,Soldier,N/A,,,
Soldier,B_G_Soldier_universal_F ,Soldier,N/A,,,
Soldier,B_GEN_Soldier_universal_F ,Soldier,N/A,,,
Soldier,B_Soldier_universal_F ,Soldier,N/A,,,
Soldier,B_T_Soldier_universal_F ,Soldier,N/A,,,
Soldier,B_W_Soldier_universal_F ,Soldier,N/A,,,
Soldier,C_Man_French_universal_F ,Soldier,N/A,,,
Soldier,I_C_Soldier_universal_F ,Soldier,N/A,,,
Soldier,I_E_Soldier_universal_F ,Soldier,N/A,,,
Soldier,I_G_Soldier_universal_F ,Soldier,N/A,,,
Soldier,I_Soldier_universal_F ,Soldier,N/A,,,
Soldier,O_G_Soldier_universal_F ,Soldier,N/A,,,
Soldier,O_Soldier_universal_F ,Soldier,N/A,,,
Soldier,O_T_Soldier_universal_F ,Soldier,N/A,,,
Soldier (Rifle),I_C_Soldier_Para_1_F ,Soldier,N/A,,,
Soldier (Rifle),I_C_Soldier_Para_9_F ,Soldier,N/A,,,
Soldier (Rifle),SyndikatSoldier_Default ,Soldier,N/A,,,
Solomon Maru,I_C_Soldier_Camo_F ,Soldier,N/A,,,
Specialist (Launcher),I_C_Soldier_Para_5_F ,Soldier,N/A,,,
Speedboat HMG,O_Boat_Armed_01_hmg_F ,Vehicle - Watercraft,N/A,,,
Speedboat HMG,O_T_Boat_Armed_01_hmg_F ,Vehicle - Watercraft,N/A,,,
Speedboat Minigun,B_Boat_Armed_01_minigun_F,Vehicle - Boat,N/A,,,
Speedboat Minigun,B_Boat_Armed_01_minigun_F ,Vehicle - Watercraft,N/A,,,
Speedboat Minigun,B_T_Boat_Armed_01_minigun_F ,Vehicle - Watercraft,N/A,,,
Speedboat Minigun,I_Boat_Armed_01_minigun_F ,Vehicle - Watercraft,N/A,,,
Spotter,B_spotter_F,Soldier,N/A,,,
Spotter,B_spotter_F ,Soldier,N/A,,,
Spotter,B_T_Spotter_F ,Soldier,N/A,,,
Spotter,I_Spotter_F ,Soldier,N/A,,,
Spotter,O_spotter_F ,Soldier,N/A,,,
Spotter,O_T_Spotter_F ,Soldier,N/A,,,
Squad Leader,B_G_Soldier_SL_F ,Soldier,N/A,,,
Squad Leader,B_ReconFatigues_01_wdl_F ,Soldier,N/A,,,
Squad Leader,B_Soldier_SL_F ,Soldier,N/A,,,
Squad Leader,B_T_Soldier_SL_F ,Soldier,N/A,,,
Squad Leader,B_W_Soldier_SL_EMP_F ,Soldier,N/A,,,
Squad Leader,B_W_Soldier_SL_F ,Soldier,N/A,,,
Squad Leader,I_E_Soldier_SL_EMP_F ,Soldier,N/A,,,
Squad Leader,I_E_Soldier_SL_F ,Soldier,N/A,,,
Squad Leader,I_G_Soldier_SL_F ,Soldier,N/A,,,
Squad Leader,I_Soldier_SL_F ,Soldier,N/A,,,
Squad Leader,O_A_soldier_SL_F ,Soldier,N/A,,,
Squad Leader,O_G_Soldier_SL_F ,Soldier,N/A,,,
Squad Leader,O_Soldier_SL_F ,Soldier,N/A,,,
Squad Leader,O_SoldierU_SL_F ,Soldier,N/A,,,
Squad Leader,O_T_Soldier_SL_F ,Soldier,N/A,,,
Static Titan Launcher (AA),B_static_AA_F,Stationary,N/A,,,
Static Titan Launcher (AA) [AAF],I_static_AA_F ,Stationary,N/A,,,
Static Titan Launcher (AA) [CSAT],O_static_AA_F ,Stationary,N/A,,,
Static Titan Launcher (AA) [LDF],I_E_Static_AA_F ,Stationary,N/A,,,
Static Titan Launcher (AA) [NATO],B_static_AA_F ,Stationary,N/A,,,
Static Titan Launcher (AA) [NATO],B_T_Static_AA_F ,Stationary,N/A,,,
Static Titan Launcher (AT),B_static_AT_F,Stationary,N/A,,,
Static Titan Launcher (AT) [AAF],I_static_AT_F ,Stationary,N/A,,,
Static Titan Launcher (AT) [CSAT],O_static_AT_F ,Stationary,N/A,,,
Static Titan Launcher (AT) [LDF],I_E_Static_AT_F ,Stationary,N/A,,,
Static Titan Launcher (AT) [NATO],B_static_AT_F ,Stationary,N/A,,,
Static Titan Launcher (AT) [NATO],B_T_Static_AT_F ,Stationary,N/A,,,
Stavrou,I_G_resistanceLeader_F ,Soldier,N/A,,,
Steerable Parachute,Steerable_Parachute_F ,Vehicle - Aircraft,N/A,,,
Strider,I_MRAP_03_F,Vehicle,N/A,,,
Strider,I_MRAP_03_F ,Vehicle,N/A,,,
Strider (GMG),I_MRAP_03_gmg_F,Vehicle,N/A,,,
Strider (HMG),I_MRAP_03_hmg_F,Vehicle,N/A,,,
Strider GMG,I_MRAP_03_gmg_F ,Vehicle,N/A,,,
Strider HMG,I_MRAP_03_hmg_F ,Vehicle,N/A,,,
Stype,B_W_Story_Instructor_01_F ,Soldier,N/A,,,
Surfer 1,C_man_shorts_2_F ,Soldier,N/A,,,
Surfer 1,C_man_shorts_2_F_afro ,Soldier,N/A,,,
Surfer 1,C_man_shorts_2_F_asia ,Soldier,N/A,,,
Surfer 1,C_man_shorts_2_F_euro ,Soldier,N/A,,,
Surfer 2,C_man_shorts_3_F ,Soldier,N/A,,,
Surfer 2,C_man_shorts_3_F_afro ,Soldier,N/A,,,
Surfer 2,C_man_shorts_3_F_asia ,Soldier,N/A,,,
Surfer 2,C_man_shorts_3_F_euro ,Soldier,N/A,,,
Surfer 3,C_man_shorts_4_F ,Soldier,N/A,,,
Surfer 3,C_man_shorts_4_F_afro ,Soldier,N/A,,,
Surfer 3,C_man_shorts_4_F_asia ,Soldier,N/A,,,
Surfer 3,C_man_shorts_4_F_euro ,Soldier,N/A,,,
Survival Fatigues,b_soldier_survival_F ,Soldier,N/A,,,
Survivor,B_G_Survivor_F ,Soldier,N/A,,,
Survivor,B_Survivor_F ,Soldier,N/A,,,
Survivor,B_W_Survivor_F ,Soldier,N/A,,,
Survivor,I_E_Survivor_F ,Soldier,N/A,,,
Survivor,I_G_Survivor_F ,Soldier,N/A,,,
Survivor,I_Survivor_F ,Soldier,N/A,,,
Survivor,O_G_Survivor_F ,Soldier,N/A,,,
Survivor,O_Survivor_F ,Soldier,N/A,,,
SUV,C_SUV_01_F ,Vehicle,N/A,,,
SUV (Black),SUV_01_base_black_F ,Vehicle,N/A,,,
SUV (Grey),SUV_01_base_grey_F ,Vehicle,N/A,,,
SUV (Orange),SUV_01_base_orange_F ,Vehicle,N/A,,,
SUV (Red),SUV_01_base_red_F ,Vehicle,N/A,,,
SUV_01_base_black_F,SUV_01_base_black_F,Vehicle,N/A,,,
T-100 Varsuk,O_MBT_02_cannon_F ,Vehicle - Armored,N/A,,,
T-100 Varsuk,O_T_MBT_02_cannon_ghex_F ,Vehicle - Armored,N/A,,,
T-140 Angara,O_MBT_04_cannon_F ,Vehicle - Armored,N/A,,,
T-140 Angara,O_T_MBT_04_cannon_F ,Vehicle - Armored,N/A,,,
T-140K Angara,O_MBT_04_command_F ,Vehicle - Armored,N/A,,,
T-140K Angara,O_T_MBT_04_command_F ,Vehicle - Armored,N/A,,,
Taru Bench Pod,Land_Pod_Heli_Transport_04_bench_F ,Unknown,N/A,,,
Taru Bench Pod (Black),Land_Pod_Heli_Transport_04_bench_black_F ,Unknown,N/A,,,
Taru Medical Pod,Land_Pod_Heli_Transport_04_medevac_F ,Unknown,N/A,,,
Taru Medical Pod (Black),Land_Pod_Heli_Transport_04_medevac_black_F ,Unknown,N/A,,,
Taru Transport Pod,Land_Pod_Heli_Transport_04_covered_F ,Unknown,N/A,,,
Taru Transport Pod (Black),Land_Pod_Heli_Transport_04_covered_black_F ,Unknown,N/A,,,
Tayran AR-2,O_UAV_01_F ,Vehicle - Aircraft,N/A,,,
TBD: Viper Operative (Green Hex),O_V_Soldier_Viper_F ,Soldier,N/A,,,
TBD: Viper Operative (Hex),O_V_Soldier_Viper_hex_F ,Soldier,N/A,,,
Team Leader,B_CTRG_Soldier_TL_tna_F ,Soldier,N/A,,,
Team Leader,B_G_Soldier_TL_F ,Soldier,N/A,,,
Team Leader,B_Patrol_Soldier_TL_F ,Soldier,N/A,,,
Team Leader,B_Soldier_TL_F ,Soldier,N/A,,,
Team Leader,B_T_Soldier_TL_F ,Soldier,N/A,,,
Team Leader,B_W_Soldier_TL_EMP_F ,Soldier,N/A,,,
Team Leader,B_W_Soldier_TL_F ,Soldier,N/A,,,
Team Leader,I_E_Soldier_TL_EMP_F ,Soldier,N/A,,,
Team Leader,I_E_Soldier_TL_F ,Soldier,N/A,,,
Team Leader,I_G_Soldier_TL_F ,Soldier,N/A,,,
Team Leader,I_Soldier_TL_F ,Soldier,N/A,,,
Team Leader,O_A_soldier_TL_F ,Soldier,N/A,,,
Team Leader,O_G_Soldier_TL_F ,Soldier,N/A,,,
Team Leader,O_R_Patrol_Soldier_TL_F ,Soldier,N/A,,,
Team Leader,O_R_Soldier_TL_F ,Soldier,N/A,,,
Team Leader,O_Soldier_TL_F ,Soldier,N/A,,,
Team Leader,O_soldierU_TL_F ,Soldier,N/A,,,
Team Leader,O_T_Soldier_TL_F ,Soldier,N/A,,,
Tempest (Device),O_T_Truck_03_device_ghex_F ,Vehicle,N/A,,,
Tempest (Device),O_Truck_03_device_F ,Vehicle,N/A,,,
Tempest Ammo,O_T_Truck_03_ammo_ghex_F ,Vehicle,N/A,,,
Tempest Ammo,O_Truck_03_ammo_F ,Vehicle - Supply,N/A,,,
Tempest Fuel,O_T_Truck_03_fuel_ghex_F ,Vehicle,N/A,,,
Tempest Fuel,O_Truck_03_fuel_F ,Vehicle - Supply,N/A,,,
Tempest Medical,O_T_Truck_03_medical_ghex_F ,Vehicle,N/A,,,
Tempest Medical,O_Truck_03_medical_F ,Vehicle - Support,N/A,,,
Tempest Repair,O_T_Truck_03_repair_ghex_F ,Vehicle,N/A,,,
Tempest Repair,O_Truck_03_repair_F ,Vehicle - Supply,N/A,,,
Tempest Transport,O_T_Truck_03_transport_ghex_F ,Vehicle,N/A,,,
Tempest Transport,O_Truck_03_transport_F ,Vehicle,N/A,,,
Tempest Transport (Covered),O_T_Truck_03_covered_ghex_F ,Vehicle,N/A,,,
Tempest Transport (Covered),O_Truck_03_covered_F ,Vehicle,N/A,,,
TEST: Underwear,Underwear_F ,Soldier,N/A,,,
Thug (Mines),I_C_Soldier_Bandit_8_F ,Soldier,N/A,,,
To-199 Neophron (CAS),O_Plane_CAS_02_dynamicLoadout_F ,Vehicle - Aircraft,N/A,,,
To-199 Neophron (CAS),O_Plane_CAS_02_F ,Vehicle - Aircraft,N/A,,,
To-199 Neophron (Cluster),O_Plane_CAS_02_Cluster_F ,Vehicle - Aircraft,N/A,,,
To-201 Shikra,B_Plane_Fighter_02_F ,Vehicle - Aircraft,N/A,,,
To-201 Shikra,O_Plane_Fighter_02_F ,Vehicle - Aircraft,N/A,,,
To-201 Shikra (Cluster),O_Plane_Fighter_02_Cluster_F ,Vehicle - Aircraft,N/A,,,
To-201 Shikra (Stealth),O_Plane_Fighter_02_Stealth_F ,Vehicle - Aircraft,N/A,,,
Tractor,C_Tractor_01_F ,Vehicle - Civilian,N/A,,,
Truck,B_G_Van_01_transport_F ,Vehicle,N/A,,,
Truck,C_Van_01_transport_F ,Vehicle,N/A,,,
Truck,I_C_Van_01_transport_F ,Vehicle,N/A,,,
Truck,I_G_Van_01_transport_F ,Vehicle,N/A,,,
Truck,O_G_Van_01_transport_F ,Vehicle,N/A,,,
Truck (Brown),I_C_Van_01_transport_brown_F ,Vehicle,N/A,,,
Truck (Olive),I_C_Van_01_transport_olive_F ,Vehicle,N/A,,,
Truck (Red),C_Van_01_transport_red_F ,Vehicle,N/A,,,
Truck (White),C_Van_01_transport_white_F ,Vehicle,N/A,,,
Truck Boxer,C_Van_01_box_F ,Vehicle,N/A,,,
Truck Boxer (Red),C_Van_01_box_red_F ,Vehicle,N/A,,,
Truck Boxer (White),C_Van_01_box_white_F ,Vehicle,N/A,,,
UAV Operator,B_Patrol_Soldier_UAV_F ,Soldier,N/A,,,
UAV Operator,B_soldier_UAV_F ,Soldier,N/A,,,
UAV Operator,B_T_Soldier_UAV_F ,Soldier,N/A,,,
UAV Operator,B_W_Soldier_UAV_F ,Soldier,N/A,,,
UAV Operator,I_E_Soldier_UAV_F ,Soldier,N/A,,,
UAV Operator,I_soldier_UAV_F ,Soldier,N/A,,,
UAV Operator,O_soldier_UAV_F ,Soldier,N/A,,,
UAV Operator,O_T_Soldier_UAV_F ,Soldier,N/A,,,
UAV Operator (AL-6),B_soldier_UAV_06_F ,Soldier,N/A,,,
UAV Operator (AL-6),B_T_soldier_UAV_06_F ,Soldier,N/A,,,
UAV Operator (AL-6),I_E_soldier_UAV_06_F ,Soldier,N/A,,,
UAV Operator (AL-6),I_soldier_UAV_06_F ,Soldier,N/A,,,
UAV Operator (AL-6),O_soldier_UAV_06_F ,Soldier,N/A,,,
UAV Operator (AL-6),O_T_soldier_UAV_06_F ,Soldier,N/A,,,
"UAV Operator (AL-6, Medical)",B_soldier_UAV_06_medical_F ,Soldier,N/A,,,
"UAV Operator (AL-6, Medical)",B_T_soldier_UAV_06_medical_F ,Soldier,N/A,,,
"UAV Operator (AL-6, Medical)",I_E_soldier_UAV_06_medical_F ,Soldier,N/A,,,
"UAV Operator (AL-6, Medical)",I_soldier_UAV_06_medical_F ,Soldier,N/A,,,
"UAV Operator (AL-6, Medical)",O_soldier_UAV_06_medical_F ,Soldier,N/A,,,
"UAV Operator (AL-6, Medical)",O_T_soldier_UAV_06_medical_F ,Soldier,N/A,,,
UAV Operator (Utility),C_Man_UAV_06_F ,Soldier,N/A,,,
"UAV Operator (Utility, Medical)",C_Man_UAV_06_medical_F ,Soldier,N/A,,,
UCAV Sentinel,B_UAV_05_F ,Vehicle - Aircraft,N/A,,,
UGV Operator (ED-1D),B_soldier_UGV_02_Demining_F ,Soldier,N/A,,,
UGV Operator (ED-1D),B_W_soldier_UGV_02_Demining_F ,Soldier,N/A,,,
UGV Operator (ED-1D),I_E_soldier_UGV_02_Demining_F ,Soldier,N/A,,,
UGV Operator (ED-1E),B_soldier_UGV_02_Science_F ,Soldier,N/A,,,
UGV Operator (ED-1E),B_W_soldier_UGV_02_Science_F ,Soldier,N/A,,,
UGV Operator (ED-1E),I_E_soldier_UGV_02_Science_F ,Soldier,N/A,,,
UGV Saif,O_T_UGV_01_ghex_F ,Vehicle - Aircraft,N/A,,,
UGV Saif,O_UGV_01_F ,Vehicle - Aircraft,N/A,,,
UGV Saif RCWS,O_T_UGV_01_rcws_ghex_F ,Vehicle - Aircraft,N/A,,,
UGV Saif RCWS,O_UGV_01_rcws_F ,Vehicle - Aircraft,N/A,,,
UGV Stomper,B_UGV_01_F,Vehicle,N/A,,,
UGV Stomper,B_T_UGV_01_olive_F ,Vehicle - Aircraft,N/A,,,
UGV Stomper,B_UGV_01_F ,Vehicle - Aircraft,N/A,,,
UGV Stomper,I_E_UGV_01_F ,Vehicle - Aircraft,N/A,,,
UGV Stomper,I_UGV_01_F ,Vehicle - Aircraft,N/A,,,
UGV Stomper (RCWS),B_UGV_01_rcws_F,Vehicle,N/A,,,
UGV Stomper RCWS,B_T_UGV_01_rcws_olive_F ,Vehicle - Aircraft,N/A,,,
UGV Stomper RCWS,B_UGV_01_rcws_F ,Vehicle - Aircraft,N/A,,,
UGV Stomper RCWS,I_E_UGV_01_rcws_F ,Vehicle - Aircraft,N/A,,,
UGV Stomper RCWS,I_UGV_01_rcws_F ,Vehicle - Aircraft,N/A,,,
UH Tiger RMK (Universal),BWA3_Tiger_RMK_Universal,Vehicle,N/A,,,
UH-1Y (Ground Suppression),RHS_UH1Y_GS,Vehicle,N/A,,,
UH-1Y (Unarmed),RHS_UH1Y_UNARMED,Vehicle,N/A,,,
UH-60M,RHS_UH60M,Vehicle,N/A,,,
UH-60M (Unarmed),RHS_UH60M2,Vehicle,N/A,,,
UH-60M MEV2,RHS_UH60M_MEV2,Vehicle,N/A,,,
UH-80 Ghost Hawk,B_Heli_Transport_01_F,Vehicle - Aircraft,N/A,,,
UH-80 Ghost Hawk,B_Heli_Transport_01_F ,Vehicle - Aircraft,N/A,,,
UH-80 Ghost Hawk (Camo),B_Heli_Transport_01_camo_F,Vehicle,N/A,,,
UH-80 Ghost Hawk (Camo),B_Heli_Transport_01_camo_F ,Vehicle - Aircraft,N/A,,,
UH-80 Ghost Hawk (Sand),B_CTRG_Heli_Transport_01_sand_F ,Vehicle - Aircraft,N/A,,,
UH-80 Ghost Hawk (Tropic),B_CTRG_Heli_Transport_01_tropic_F ,Vehicle - Aircraft,N/A,,,
Utility Drone,C_UAV_06_F ,Vehicle - Aircraft,N/A,,,
Utility Drone (Medical),C_UAV_06_medical_F ,Vehicle - Aircraft,N/A,,,
Utility Worker,C_Man_UtilityWorker_01_F ,Soldier,N/A,,,
V-44 X Blackfish (Armed),B_T_VTOL_01_armed_blue_F ,Vehicle - Aircraft,N/A,,,
V-44 X Blackfish (Armed),B_T_VTOL_01_armed_F,Vehicle - Aircraft,N/A,,,
V-44 X Blackfish (Armed),B_T_VTOL_01_armed_F ,Vehicle - Aircraft,N/A,,,
V-44 X Blackfish (Armed),B_T_VTOL_01_armed_olive_F ,Vehicle - Aircraft,N/A,,,
V-44 X Blackfish (Infantry Transport),B_T_VTOL_01_infantry_blue_F ,Vehicle - Aircraft,N/A,,,
V-44 X Blackfish (Infantry Transport),B_T_VTOL_01_infantry_F ,Vehicle - Aircraft,N/A,,,
V-44 X Blackfish (Infantry Transport),B_T_VTOL_01_infantry_olive_F ,Vehicle - Aircraft,N/A,,,
V-44 X Blackfish (Infantry),B_T_VTOL_01_infantry_F,Vehicle,N/A,,,
V-44 X Blackfish (Vehicle Transport),B_T_VTOL_01_vehicle_blue_F ,Vehicle - Aircraft,N/A,,,
V-44 X Blackfish (Vehicle Transport),B_T_VTOL_01_vehicle_F ,Vehicle - Aircraft,N/A,,,
V-44 X Blackfish (Vehicle Transport),B_T_VTOL_01_vehicle_olive_F ,Vehicle - Aircraft,N/A,,,
V-44 X Blackfish (Vehicle),B_T_VTOL_01_vehicle_F,Vehicle,N/A,,,
Van (Ambulance),C_Van_02_medevac_F ,Vehicle,N/A,,,
Van (Ambulance),I_E_Van_02_medevac_F ,Vehicle,N/A,,,
Van (Cargo),B_G_Van_02_vehicle_F ,Vehicle,N/A,,,
Van (Cargo),B_GEN_Van_02_vehicle_F ,Vehicle,N/A,,,
Van (Cargo),C_Van_02_vehicle_F ,Vehicle,N/A,,,
Van (Cargo),I_C_Van_02_vehicle_F ,Vehicle,N/A,,,
Van (Cargo),I_E_Van_02_vehicle_F ,Vehicle,N/A,,,
Van (Cargo),I_G_Van_02_vehicle_F ,Vehicle,N/A,,,
Van (Cargo),O_G_Van_02_vehicle_F ,Vehicle,N/A,,,
Van (Services),C_Van_02_service_F ,Vehicle,N/A,,,
Van Transport,B_G_Van_02_transport_F ,Vehicle,N/A,,,
Van Transport,B_GEN_Van_02_transport_F ,Vehicle,N/A,,,
Van Transport,C_Van_02_transport_F ,Vehicle,N/A,,,
Van Transport,I_C_Van_02_transport_F ,Vehicle,N/A,,,
Van Transport,I_E_Van_02_transport_F ,Vehicle,N/A,,,
Van Transport,I_G_Van_02_transport_F ,Vehicle,N/A,,,
Van Transport,O_G_Van_02_transport_F ,Vehicle,N/A,,,
Van Transport (MP),I_E_Van_02_transport_MP_F ,Vehicle,N/A,,,
Viper Demo Specialist,O_V_Soldier_Exp_ghex_F ,Soldier,N/A,,,
Viper Demo Specialist,O_V_Soldier_Exp_hex_F ,Soldier,N/A,,,
Viper JTAC,O_V_Soldier_JTAC_ghex_F ,Soldier,N/A,,,
Viper JTAC,O_V_Soldier_JTAC_hex_F ,Soldier,N/A,,,
Viper Marksman,O_V_Soldier_M_ghex_F ,Soldier,N/A,,,
Viper Marksman,O_V_Soldier_M_hex_F ,Soldier,N/A,,,
Viper Operative,O_V_Soldier_ghex_F ,Soldier,N/A,,,
Viper Operative,O_V_Soldier_hex_F ,Soldier,N/A,,,
Viper Paramedic,O_V_Soldier_Medic_ghex_F ,Soldier,N/A,,,
Viper Paramedic,O_V_Soldier_Medic_hex_F ,Soldier,N/A,,,
Viper Rifleman (AT),O_V_Soldier_LAT_ghex_F ,Soldier,N/A,,,
Viper Rifleman (AT),O_V_Soldier_LAT_hex_F ,Soldier,N/A,,,
Viper Team Leader,O_V_Soldier_TL_ghex_F ,Soldier,N/A,,,
Viper Team Leader,O_V_Soldier_TL_hex_F ,Soldier,N/A,,,
VR Entity,B_Soldier_VR_F ,Soldier,N/A,,,
VR Entity,C_Soldier_VR_F ,Soldier,N/A,,,
VR Entity,I_Soldier_VR_F ,Soldier,N/A,,,
VR Entity,O_Soldier_VR_F ,Soldier,N/A,,,
VR Man,C_Protagonist_VR_F ,Soldier,N/A,,,
VR Soldier,B_Protagonist_VR_F ,Soldier,N/A,,,
VR Soldier,I_Protagonist_VR_F ,Soldier,N/A,,,
VR Soldier,O_Protagonist_VR_F ,Soldier,N/A,,,
Watcher (Rifle),I_C_Soldier_Bandit_4_F ,Soldier,N/A,,,
Water Scooter,C_Scooter_Transport_01_F ,Vehicle - Watercraft,N/A,,,
Worker,C_man_w_worker_F ,Soldier,N/A,,,
WY-55 Czapla,I_E_Heli_light_03_dynamicLoadout_F ,Vehicle - Aircraft,N/A,,,
WY-55 Czapla (Unarmed),I_E_Heli_light_03_unarmed_F ,Vehicle - Aircraft,N/A,,,
WY-55 Hellcat,I_Heli_light_03_unarmed_F,Vehicle,N/A,,,
WY-55 Hellcat,I_Heli_light_03_dynamicLoadout_F ,Vehicle - Aircraft,N/A,,,
WY-55 Hellcat,I_Heli_light_03_F ,Vehicle - Aircraft,N/A,,,
WY-55 Hellcat (Armed),I_Heli_light_03_dynamicLoadout_F,Vehicle,N/A,,,
WY-55 Hellcat (Unarmed),I_Heli_light_03_unarmed_F ,Vehicle - Aircraft,N/A,,,
Y-32 Xi'an (Infantry Transport),O_T_VTOL_02_infantry_dynamicLoadout_F ,Vehicle - Aircraft,N/A,,,
Y-32 Xi'an (Infantry Transport),O_T_VTOL_02_infantry_F ,Vehicle - Aircraft,N/A,,,
Y-32 Xi'an (Infantry Transport),O_T_VTOL_02_infantry_ghex_F ,Vehicle - Aircraft,N/A,,,
Y-32 Xi'an (Infantry Transport),O_T_VTOL_02_infantry_grey_F ,Vehicle - Aircraft,N/A,,,
Y-32 Xi'an (Infantry Transport),O_T_VTOL_02_infantry_hex_F ,Vehicle - Aircraft,N/A,,,
Y-32 Xi'an (Vehicle Transport),O_T_VTOL_02_vehicle_dynamicLoadout_F ,Vehicle - Aircraft,N/A,,,
Y-32 Xi'an (Vehicle Transport),O_T_VTOL_02_vehicle_F ,Vehicle - Aircraft,N/A,,,
Y-32 Xi'an (Vehicle Transport),O_T_VTOL_02_vehicle_ghex_F ,Vehicle - Aircraft,N/A,,,
Y-32 Xi'an (Vehicle Transport),O_T_VTOL_02_vehicle_grey_F ,Vehicle - Aircraft,N/A,,,
Y-32 Xi'an (Vehicle Transport),O_T_VTOL_02_vehicle_hex_F ,Vehicle - Aircraft,N/A,,,
Zamak Ammo,I_E_Truck_02_Ammo_F ,Vehicle,N/A,,,
Zamak Ammo,I_Truck_02_ammo_F ,Vehicle,N/A,,,
Zamak Ammo,O_T_Truck_02_Ammo_F ,Vehicle,N/A,,,
Zamak Ammo,O_Truck_02_Ammo_F ,Vehicle,N/A,,,
Zamak Fuel,C_Truck_02_fuel_F ,Vehicle,N/A,,,
Zamak Fuel,I_E_Truck_02_fuel_F ,Vehicle,N/A,,,
Zamak Fuel,I_Truck_02_fuel_F ,Vehicle,N/A,,,
Zamak Fuel,O_T_Truck_02_fuel_F ,Vehicle,N/A,,,
Zamak Fuel,O_Truck_02_fuel_F ,Vehicle,N/A,,,
Zamak Medical,I_E_Truck_02_Medical_F ,Vehicle,N/A,,,
Zamak Medical,I_Truck_02_medical_F ,Vehicle,N/A,,,
Zamak Medical,O_T_Truck_02_Medical_F ,Vehicle,N/A,,,
Zamak Medical,O_Truck_02_medical_F ,Vehicle,N/A,,,
Zamak MRL,I_E_Truck_02_MRL_F ,Vehicle - Support,N/A,,,
Zamak MRL,I_Truck_02_MRL_F ,Vehicle - Support,N/A,,,
Zamak Repair,C_Truck_02_box_F ,Vehicle,N/A,,,
Zamak Repair,I_E_Truck_02_Box_F ,Vehicle,N/A,,,
Zamak Repair,I_Truck_02_box_F ,Vehicle,N/A,,,
Zamak Repair,O_T_Truck_02_Box_F ,Vehicle,N/A,,,
Zamak Repair,O_Truck_02_box_F ,Vehicle,N/A,,,
Zamak Transport,C_Truck_02_transport_F ,Vehicle,N/A,,,
Zamak Transport,I_E_Truck_02_transport_EMP_F ,Vehicle,N/A,,,
Zamak Transport,I_E_Truck_02_transport_F ,Vehicle,N/A,,,
Zamak Transport,I_Truck_02_transport_F ,Vehicle,N/A,,,
Zamak Transport,O_T_Truck_02_transport_F ,Vehicle,N/A,,,
Zamak Transport,O_Truck_02_transport_F ,Vehicle,N/A,,,
Zamak Transport (Covered),C_Truck_02_covered_F ,Vehicle,N/A,,,
Zamak Transport (Covered),I_E_Truck_02_EMP_F ,Vehicle,N/A,,,
Zamak Transport (Covered),I_E_Truck_02_F ,Vehicle,N/A,,,
Zamak Transport (Covered),I_Truck_02_covered_F ,Vehicle,N/A,,,
Zamak Transport (Covered),O_T_Truck_02_F ,Vehicle,N/A,,,
Zamak Transport (Covered),O_Truck_02_covered_F ,Vehicle,N/A,,,
ZSU-39 Tigris,O_APC_Tracked_02_AA_F ,Vehicle - Military,N/A,,,
ZSU-39 Tigris,O_T_APC_Tracked_02_AA_ghex_F ,Vehicle - Military,N/A,,,
Land_dp_smallFactory_F,Land_dp_smallFactory_F,Blacklist,N/A,,,
Land_runway_edgelight,Land_runway_edgelight,Blacklist,N/A,,,
Land_NavigLight,Land_NavigLight,Blacklist,N/A,PLACEHOLDER,PLACEHOLDER,house
Land_Runway_PAPI_4,Land_Runway_PAPI_4,Blacklist,N/A,PLACEHOLDER,PLACEHOLDER,vasi
Land_Runway_PAPI_3,Land_Runway_PAPI_3,Blacklist,N/A,PLACEHOLDER,PLACEHOLDER,vasi
Land_Runway_PAPI_2,Land_Runway_PAPI_2,Blacklist,N/A,PLACEHOLDER,PLACEHOLDER,vasi
Land_Runway_PAPI,Land_Runway_PAPI,Blacklist,N/A,PLACEHOLDER,PLACEHOLDER,vasi
Land_LampStreet_F,Land_LampStreet_F,Blacklist,N/A,PLACEHOLDER,PLACEHOLDER,house
Land_LampHarbour_F,Land_LampHarbour_F,Blacklist,N/A,PLACEHOLDER,PLACEHOLDER,house
Land_LampShabby_F,Land_LampShabby_F,Blacklist,N/A,PLACEHOLDER,PLACEHOLDER,house
Land_Airport_Tower_F,Land_Airport_Tower_F,Blacklist,N/A,PLACEHOLDER,PLACEHOLDER,house
Land_PowerPoleWooden_L_F,Land_PowerPoleWooden_L_F,Blacklist,N/A,PLACEHOLDER,PLACEHOLDER,house
Land_FuelStation_Feed_F,Land_FuelStation_Feed_F,Blacklist,N/A,PLACEHOLDER,PLACEHOLDER,house
Land_LampDecor_F,Land_LampDecor_F,Blacklist,N/A,PLACEHOLDER,PLACEHOLDER,house
